{"fold": 4, "val_accuracy": 0.932378223495702, "val_auc": 0.9063560875752, "val_f1": 0.9307289258679992, "avg_sensitivity": 0.8377135264218047, "avg_specificity": 0.932683665969822, "class_Few_sensitivity": 0.9791332263242376, "class_Many_sensitivity": 0.7058823529411765, "class_None_sensitivity": 0.828125, "class_Few_specificity": 0.8196392785571143, "class_Many_specificity": 1.0, "class_None_specificity": 0.9784117193523516, "class_Few_f1": 0.8923152305895776, "class_Many_f1": 0.8275862068965517, "class_None_f1": 0.8970171449148756}
