{"fold": 2, "val_accuracy": 0.9862464183381089, "val_auc": 0.9887170009884302, "val_f1": 0.9862601941541317, "avg_sensitivity": 0.9888005635598516, "avg_specificity": 0.9897713172074099, "class_Few_sensitivity": 0.9887730553327987, "class_Many_sensitivity": 1.0, "class_None_sensitivity": 0.9776286353467561, "class_Few_specificity": 0.9799196787148594, "class_Many_specificity": 0.999409681227863, "class_None_specificity": 0.9899845916795069, "class_Few_f1": 0.9843264598346106, "class_Many_f1": 0.9997047534691467, "class_None_f1": 0.9837678178659993}
