{"fold": 5, "val_accuracy": 0.9850917431192661, "val_auc": 0.9840332182428795, "val_f1": 0.9850558671007884, "avg_sensitivity": 0.9853933781239413, "avg_specificity": 0.986780576093793, "class_Few_sensitivity": 0.9919743178170144, "class_Many_sensitivity": 1.0, "class_None_sensitivity": 0.9642058165548099, "class_Few_specificity": 0.9678714859437751, "class_Many_specificity": 0.9994093325457767, "class_None_specificity": 0.9930609097918273, "class_Few_f1": 0.979774689581449, "class_Many_f1": 0.9997045790251108, "class_None_f1": 0.9784206644147616}
