{"fold": 3, "val_accuracy": 0.9839541547277937, "val_auc": 0.9868029408515265, "val_f1": 0.9839642866065287, "avg_sensitivity": 0.9862929008921015, "avg_specificity": 0.9879949148513406, "class_Few_sensitivity": 0.9879614767255217, "class_Many_sensitivity": 1.0, "class_None_sensitivity": 0.970917225950783, "class_Few_specificity": 0.9759519038076152, "class_Many_specificity": 0.9988186650915535, "class_None_specificity": 0.9892141756548536, "class_Few_f1": 0.9819199702556198, "class_Many_f1": 0.9994089834515367, "class_None_f1": 0.9799803038829488}
