{"fold": 1, "val_accuracy": 0.9879656160458453, "val_auc": 0.9867475677519018, "val_f1": 0.9879612895691304, "avg_sensitivity": 0.9891240842301913, "avg_specificity": 0.9900691621132708, "class_Few_sensitivity": 0.991980753809142, "class_Many_sensitivity": 1.0, "class_None_sensitivity": 0.9753914988814317, "class_Few_specificity": 0.9779116465863453, "class_Many_specificity": 1.0, "class_None_specificity": 0.9922958397534669, "class_Few_f1": 0.9848959589312646, "class_Many_f1": 1.0, "class_None_f1": 0.9837710569834908}
