{"overall_accuracy": 0.975126088950023, "overall_auc": 0.9637361567377378, "overall_f1": 0.9750266700530057, "overall_avg_sensitivity": 0.9575245789567455, "overall_avg_specificity": 0.9774478234206461, "overall_class_Few_sensitivity": 0.9879653401797176, "overall_class_Many_sensitivity": 0.94140625, "overall_class_None_sensitivity": 0.9432021466905188, "overall_class_Few_specificity": 0.9442215088282504, "overall_class_Many_specificity": 0.9995276334435522, "overall_class_None_specificity": 0.9885943279901356, "overall_class_Few_f1": 0.9655982542821475, "overall_class_Many_f1": 0.9695967175368597, "overall_class_None_f1": 0.9653649383747935}
