{"fold": 1, "epoch": 24, "train_loss": 0.0560424046293117, "train_auc": 0.8952220001182906, "train_f1": 0.6522807412306417, "val_loss": 0.9272772469744514, "val_accuracy": 0.6048109965635738, "val_auc": 0.731819159156817, "val_f1": 0.634110461366558, "avg_sensitivity": 0.6175228937728937, "avg_specificity": 0.7776945865270543, "class_Few_sensitivity": 0.6009615384615384, "class_Many_sensitivity": 0.64, "class_None_sensitivity": 0.6116071428571429, "class_Few_specificity": 0.7469879518072289, "class_Many_specificity": 0.9327830188679245, "class_None_specificity": 0.6533127889060092, "class_Few_f1": 0.666065059516136, "class_Many_f1": 0.7591398494436613, "class_None_f1": 0.6317724279320677}
{"fold": 2, "epoch": 30, "train_loss": 0.056246549438713295, "train_auc": 0.8978332997254631, "train_f1": 0.6697154748232068, "val_loss": 0.6166134748484124, "val_accuracy": 0.7468499427262314, "val_auc": 0.7735068149720348, "val_f1": 0.7481142081448675, "avg_sensitivity": 0.6064117826617826, "avg_specificity": 0.8027516058944619, "class_Few_sensitivity": 0.8301282051282052, "class_Many_sensitivity": 0.44, "class_None_sensitivity": 0.5491071428571429, "class_Few_specificity": 0.5783132530120482, "class_Many_specificity": 0.9716981132075472, "class_None_specificity": 0.8582434514637904, "class_Few_f1": 0.6817097579031064, "class_Many_f1": 0.6057203956161453, "class_None_f1": 0.6697231115129891}
{"fold": 3, "epoch": 29, "train_loss": 0.04711880730404556, "train_auc": 0.9052384969297927, "train_f1": 0.6824260085370984, "val_loss": 0.7958026762245242, "val_accuracy": 0.6517754868270332, "val_auc": 0.7774869783635052, "val_f1": 0.673423240490658, "avg_sensitivity": 0.6233112627073302, "avg_specificity": 0.8068176281858871, "class_Few_sensitivity": 0.6243980738362761, "class_Many_sensitivity": 0.5, "class_None_sensitivity": 0.7455357142857143, "class_Few_specificity": 0.804, "class_Many_specificity": 0.9693034238488784, "class_None_specificity": 0.6471494607087828, "class_Few_f1": 0.7029077685831538, "class_Many_f1": 0.6597026918441141, "class_None_f1": 0.6928673387236186}
{"fold": 4, "epoch": 18, "train_loss": 0.06252605206301191, "train_auc": 0.8866193001974606, "train_f1": 0.6287174320176988, "val_loss": 0.9654381662129263, "val_accuracy": 0.5303550973654066, "val_auc": 0.7340958743150854, "val_f1": 0.5604182829375836, "avg_sensitivity": 0.5825899287977939, "avg_specificity": 0.7625760844189196, "class_Few_sensitivity": 0.4654895666131621, "class_Many_sensitivity": 0.5769230769230769, "class_None_sensitivity": 0.7053571428571429, "class_Few_specificity": 0.828, "class_Many_specificity": 0.9173553719008265, "class_None_specificity": 0.5423728813559322, "class_Few_f1": 0.5959466100138489, "class_Many_f1": 0.7083599234205488, "class_None_f1": 0.6132201334141905}
{"fold": 5, "epoch": 22, "train_loss": 0.06784195974229594, "train_auc": 0.8768613215217769, "train_f1": 0.6193431786359722, "val_loss": 0.8852889218940101, "val_accuracy": 0.6192660550458715, "val_auc": 0.7299065976425078, "val_f1": 0.6512936588859042, "avg_sensitivity": 0.6423137920845382, "avg_specificity": 0.7827290029028827, "class_Few_sensitivity": 0.6356340288924559, "class_Many_sensitivity": 0.7307692307692307, "class_None_sensitivity": 0.5605381165919282, "class_Few_specificity": 0.7188755020080321, "class_Many_specificity": 0.8912529550827423, "class_None_specificity": 0.7380585516178737, "class_Few_f1": 0.6746969603228615, "class_Many_f1": 0.8030719210718089, "class_None_f1": 0.6371646571814708}
{"fold": 6, "epoch": 28, "train_loss": 0.05395094972421767, "train_auc": 0.9077113739490625, "train_f1": 0.6869786255334512, "val_loss": 0.7383280372281277, "val_accuracy": 0.676605504587156, "val_auc": 0.7903844757430464, "val_f1": 0.6954664782001164, "avg_sensitivity": 0.6325915229527866, "avg_specificity": 0.8059448231242512, "class_Few_sensitivity": 0.6821829855537721, "class_Many_sensitivity": 0.5384615384615384, "class_None_sensitivity": 0.6771300448430493, "class_Few_specificity": 0.7429718875502008, "class_Many_specificity": 0.9645390070921985, "class_None_specificity": 0.7103235747303543, "class_Few_f1": 0.7112809842590917, "class_Many_f1": 0.6911070780399273, "class_None_f1": 0.6933297477116762}
{"fold": 7, "epoch": 24, "train_loss": 0.05919395303739741, "train_auc": 0.8850908833472946, "train_f1": 0.6296945246211452, "val_loss": 0.8263211924873224, "val_accuracy": 0.6318807339449541, "val_auc": 0.7267677451600789, "val_f1": 0.66048655970005, "avg_sensitivity": 0.6775688411955857, "avg_specificity": 0.7834282560015641, "class_Few_sensitivity": 0.6420545746388443, "class_Many_sensitivity": 0.8076923076923077, "class_None_sensitivity": 0.5829596412556054, "class_Few_specificity": 0.6947791164658634, "class_Many_specificity": 0.8912529550827423, "class_None_specificity": 0.7642526964560863, "class_Few_f1": 0.6673771211164101, "class_Many_f1": 0.8474177147444475, "class_None_f1": 0.6614079537178553}
{"fold": 8, "epoch": 26, "train_loss": 0.051855715662351885, "train_auc": 0.904211456608676, "train_f1": 0.6770618678678302, "val_loss": 0.7816206288968273, "val_accuracy": 0.6467889908256881, "val_auc": 0.7364142085563653, "val_f1": 0.6648506001605967, "avg_sensitivity": 0.5825927318344308, "avg_specificity": 0.7746542015025977, "class_Few_sensitivity": 0.6629213483146067, "class_Many_sensitivity": 0.46153846153846156, "class_None_sensitivity": 0.6233183856502242, "class_Few_specificity": 0.6626506024096386, "class_Many_specificity": 0.9787234042553191, "class_None_specificity": 0.6825885978428351, "class_Few_f1": 0.6627859477124184, "class_Many_f1": 0.6272727272727273, "class_None_f1": 0.6516084656084656}
{"fold": 9, "epoch": 25, "train_loss": 0.055127437329501545, "train_auc": 0.9085182288388485, "train_f1": 0.6883511527834364, "val_loss": 0.6084696188945016, "val_accuracy": 0.7568807339449541, "val_auc": 0.75883225192849, "val_f1": 0.731249368627385, "avg_sensitivity": 0.5023515248796148, "avg_specificity": 0.7675889325518144, "class_Few_sensitivity": 0.92776886035313, "class_Many_sensitivity": 0.24, "class_None_sensitivity": 0.3392857142857143, "class_Few_specificity": 0.3895582329317269, "class_Many_specificity": 0.9811097992916175, "class_None_specificity": 0.9320987654320988, "class_Few_f1": 0.5487171707780165, "class_Many_f1": 0.3856595892794987, "class_None_f1": 0.49748569446852786}
{"fold": 10, "epoch": 28, "train_loss": 0.0551885760410796, "train_auc": 0.9002041107900032, "train_f1": 0.6663055586136506, "val_loss": 0.8189849137166224, "val_accuracy": 0.5963302752293578, "val_auc": 0.7268456234511762, "val_f1": 0.6235667525080141, "avg_sensitivity": 0.5130838683788123, "avg_specificity": 0.7631298365294957, "class_Few_sensitivity": 0.5987158908507223, "class_Many_sensitivity": 0.32, "class_None_sensitivity": 0.6205357142857143, "class_Few_specificity": 0.7028112449799196, "class_Many_specificity": 0.9492325855962219, "class_None_specificity": 0.6373456790123457, "class_Few_f1": 0.6466008261433764, "class_Many_f1": 0.4786426551570174, "class_None_f1": 0.6288283748849844}
