{"fold": 5, "val_accuracy": 0.9793577981651376, "val_auc": 0.9932489189473557, "val_f1": 0.9595505617977528, "avg_sensitivity": 0.9714605551617137, "avg_specificity": 0.9714605551617137, "class_Abormal_sensitivity": 0.9876638396299152, "class_Normal_sensitivity": 0.9552572706935123, "class_Abormal_specificity": 0.9552572706935123, "class_Normal_specificity": 0.9876638396299152, "class_Abormal_f1": 0.9711902956785443, "class_Normal_f1": 0.9711902956785443}
{"fold": 5, "val_accuracy": 0.9793577981651376, "val_auc": 0.9932489189473557, "val_f1": 0.9595505617977528, "avg_sensitivity": 0.9714605551617137, "avg_specificity": 0.9714605551617137, "class_Abormal_sensitivity": 0.9876638396299152, "class_Normal_sensitivity": 0.9552572706935123, "class_Abormal_specificity": 0.9552572706935123, "class_Normal_specificity": 0.9876638396299152, "class_Abormal_f1": 0.9711902956785443, "class_Normal_f1": 0.9711902956785443}
