{"fold": 4, "val_accuracy": 0.9736389684813753, "val_auc": 0.9910662655578809, "val_f1": 0.9476082004555809, "avg_sensitivity": 0.9588886441238023, "avg_specificity": 0.9588886441238023, "class_Abormal_sensitivity": 0.9892058596761758, "class_Normal_sensitivity": 0.9285714285714286, "class_Abormal_specificity": 0.9285714285714286, "class_Normal_specificity": 0.9892058596761758, "class_Abormal_f1": 0.9579301036671165, "class_Normal_f1": 0.9579301036671165}
{"fold": 4, "val_accuracy": 0.9736389684813753, "val_auc": 0.9910662655578809, "val_f1": 0.9476082004555809, "avg_sensitivity": 0.9588886441238023, "avg_specificity": 0.9588886441238023, "class_Abormal_sensitivity": 0.9892058596761758, "class_Normal_sensitivity": 0.9285714285714286, "class_Abormal_specificity": 0.9285714285714286, "class_Normal_specificity": 0.9892058596761758, "class_Abormal_f1": 0.9579301036671165, "class_Normal_f1": 0.9579301036671165}
