{"fold": 3, "val_accuracy": 0.977650429799427, "val_auc": 0.996228925588498, "val_f1": 0.9561304836895388, "avg_sensitivity": 0.9688429626718786, "avg_specificity": 0.9688429626718786, "class_Abormal_sensitivity": 0.9869029275808937, "class_Normal_sensitivity": 0.9507829977628636, "class_Abormal_specificity": 0.9507829977628636, "class_Normal_specificity": 0.9869029275808937, "class_Abormal_f1": 0.9685063112793605, "class_Normal_f1": 0.9685063112793605}
{"fold": 3, "val_accuracy": 0.977650429799427, "val_auc": 0.996228925588498, "val_f1": 0.9561304836895388, "avg_sensitivity": 0.9688429626718786, "avg_specificity": 0.9688429626718786, "class_Abormal_sensitivity": 0.9869029275808937, "class_Normal_sensitivity": 0.9507829977628636, "class_Abormal_specificity": 0.9507829977628636, "class_Normal_specificity": 0.9869029275808937, "class_Abormal_f1": 0.9685063112793605, "class_Normal_f1": 0.9685063112793605}
