{"fold": 1, "val_accuracy": 0.9765042979942693, "val_auc": 0.9938297776996446, "val_f1": 0.9530355097365406, "avg_sensitivity": 0.9614723046642055, "avg_specificity": 0.9614723046642055, "class_Abormal_sensitivity": 0.9922958397534669, "class_Normal_sensitivity": 0.930648769574944, "class_Abormal_specificity": 0.930648769574944, "class_Normal_specificity": 0.9922958397534669, "class_Abormal_f1": 0.9604841427475387, "class_Normal_f1": 0.9604841427475387}
{"fold": 1, "val_accuracy": 0.9765042979942693, "val_auc": 0.9938297776996446, "val_f1": 0.9530355097365406, "avg_sensitivity": 0.9614723046642055, "avg_specificity": 0.9614723046642055, "class_Abormal_sensitivity": 0.9922958397534669, "class_Normal_sensitivity": 0.930648769574944, "class_Abormal_specificity": 0.930648769574944, "class_Normal_specificity": 0.9922958397534669, "class_Abormal_f1": 0.9604841427475387, "class_Normal_f1": 0.9604841427475387}
