{"fold": 2, "val_accuracy": 0.9724928366762178, "val_auc": 0.9946363877657246, "val_f1": 0.9463087248322147, "avg_sensitivity": 0.9639093701202677, "avg_specificity": 0.9639093701202677, "class_Abormal_sensitivity": 0.9815100154083205, "class_Normal_sensitivity": 0.9463087248322147, "class_Abormal_specificity": 0.9463087248322147, "class_Normal_specificity": 0.9815100154083205, "class_Abormal_f1": 0.9635879885421248, "class_Normal_f1": 0.9635879885421248}
{"fold": 2, "val_accuracy": 0.9724928366762178, "val_auc": 0.9946363877657246, "val_f1": 0.9463087248322147, "avg_sensitivity": 0.9639093701202677, "avg_specificity": 0.9639093701202677, "class_Abormal_sensitivity": 0.9815100154083205, "class_Normal_sensitivity": 0.9463087248322147, "class_Abormal_specificity": 0.9463087248322147, "class_Normal_specificity": 0.9815100154083205, "class_Abormal_f1": 0.9635879885421248, "class_Normal_f1": 0.9635879885421248}
