{"fold": 1, "val_accuracy": 0.9765042979942693, "val_auc": 0.9938297776996446, "val_f1": 0.9530355097365406, "avg_sensitivity": 0.9614723046642055, "avg_specificity": 0.9614723046642055, "class_Abormal_sensitivity": 0.9922958397534669, "class_Normal_sensitivity": 0.930648769574944, "class_Abormal_specificity": 0.930648769574944, "class_Normal_specificity": 0.9922958397534669, "class_Abormal_f1": 0.9604841427475387, "class_Normal_f1": 0.9604841427475387}
{"fold": 2, "val_accuracy": 0.9724928366762178, "val_auc": 0.9946363877657246, "val_f1": 0.9463087248322147, "avg_sensitivity": 0.9639093701202677, "avg_specificity": 0.9639093701202677, "class_Abormal_sensitivity": 0.9815100154083205, "class_Normal_sensitivity": 0.9463087248322147, "class_Abormal_specificity": 0.9463087248322147, "class_Normal_specificity": 0.9815100154083205, "class_Abormal_f1": 0.9635879885421248, "class_Normal_f1": 0.9635879885421248}
{"fold": 3, "val_accuracy": 0.977650429799427, "val_auc": 0.996228925588498, "val_f1": 0.9561304836895388, "avg_sensitivity": 0.9688429626718786, "avg_specificity": 0.9688429626718786, "class_Abormal_sensitivity": 0.9869029275808937, "class_Normal_sensitivity": 0.9507829977628636, "class_Abormal_specificity": 0.9507829977628636, "class_Normal_specificity": 0.9869029275808937, "class_Abormal_f1": 0.9685063112793605, "class_Normal_f1": 0.9685063112793605}
{"fold": 4, "val_accuracy": 0.9736389684813753, "val_auc": 0.9910662655578809, "val_f1": 0.9476082004555809, "avg_sensitivity": 0.9588886441238023, "avg_specificity": 0.9588886441238023, "class_Abormal_sensitivity": 0.9892058596761758, "class_Normal_sensitivity": 0.9285714285714286, "class_Abormal_specificity": 0.9285714285714286, "class_Normal_specificity": 0.9892058596761758, "class_Abormal_f1": 0.9579301036671165, "class_Normal_f1": 0.9579301036671165}
{"fold": 5, "val_accuracy": 0.9793577981651376, "val_auc": 0.9932489189473557, "val_f1": 0.9595505617977528, "avg_sensitivity": 0.9714605551617137, "avg_specificity": 0.9714605551617137, "class_Abormal_sensitivity": 0.9876638396299152, "class_Normal_sensitivity": 0.9552572706935123, "class_Abormal_specificity": 0.9552572706935123, "class_Normal_specificity": 0.9876638396299152, "class_Abormal_f1": 0.9711902956785443, "class_Normal_f1": 0.9711902956785443}
