{"fold": 1, "epoch": 30, "train_loss": 0.048625936005504404, "train_auc": 0.911178378601508, "train_f1": 0.7034799221545718, "val_loss": 0.8307939811813979, "val_accuracy": 0.5990836197021764, "val_auc": 0.7535673032875876, "val_f1": 0.6257407815763496, "avg_sensitivity": 0.6410057997557997, "avg_specificity": 0.7786492755139327, "class_Few_sensitivity": 0.5689102564102564, "class_Many_sensitivity": 0.68, "class_None_sensitivity": 0.6741071428571429, "class_Few_specificity": 0.7670682730923695, "class_Many_specificity": 0.9386792452830188, "class_None_specificity": 0.6302003081664098, "class_Few_f1": 0.6532934449053132, "class_Many_f1": 0.7886700081594591, "class_None_f1": 0.6514147087519447}
{"fold": 2, "epoch": 30, "train_loss": 0.04365316251317058, "train_auc": 0.9125558104989753, "train_f1": 0.6902751699667429, "val_loss": 0.8235196178311744, "val_accuracy": 0.6162657502863689, "val_auc": 0.780595047688763, "val_f1": 0.6370431354024426, "avg_sensitivity": 0.5244444444444444, "avg_specificity": 0.7827189430454906, "class_Few_sensitivity": 0.5833333333333334, "class_Many_sensitivity": 0.24, "class_None_sensitivity": 0.75, "class_Few_specificity": 0.7710843373493976, "class_Many_specificity": 0.9823113207547169, "class_None_specificity": 0.5947611710323575, "class_Few_f1": 0.664195700518903, "class_Many_f1": 0.3857523250877938, "class_None_f1": 0.6634202234316815}
{"fold": 3, "epoch": 25, "train_loss": 0.05555816971081666, "train_auc": 0.8981070007142549, "train_f1": 0.6700867281228067, "val_loss": 0.7607737553923605, "val_accuracy": 0.6723940435280642, "val_auc": 0.7690197281102242, "val_f1": 0.6935045757690638, "avg_sensitivity": 0.6280726530024283, "avg_specificity": 0.8066276055736764, "class_Few_sensitivity": 0.680577849117175, "class_Many_sensitivity": 0.5384615384615384, "class_None_sensitivity": 0.6651785714285714, "class_Few_specificity": 0.748, "class_Many_specificity": 0.9492325855962219, "class_None_specificity": 0.7226502311248074, "class_Few_f1": 0.7126979204587846, "class_Many_f1": 0.6871375373908797, "class_None_f1": 0.6927244160053927}
{"fold": 4, "epoch": 23, "train_loss": 0.05542657061868126, "train_auc": 0.903328622349591, "train_f1": 0.6828969107941757, "val_loss": 0.7266340296702696, "val_accuracy": 0.715922107674685, "val_auc": 0.7754445334959686, "val_f1": 0.725923410471494, "avg_sensitivity": 0.6094335205992509, "avg_specificity": 0.8022527898398469, "class_Few_sensitivity": 0.7881219903691814, "class_Many_sensitivity": 0.5, "class_None_sensitivity": 0.5401785714285714, "class_Few_specificity": 0.632, "class_Many_specificity": 0.9504132231404959, "class_None_specificity": 0.8243451463790447, "class_Few_f1": 0.7014793113425927, "class_Many_f1": 0.6552706552706552, "class_None_f1": 0.6526725446012228}
{"fold": 5, "epoch": 27, "train_loss": 0.04990851206441839, "train_auc": 0.9046107331990011, "train_f1": 0.6682744745658374, "val_loss": 0.7064864481158486, "val_accuracy": 0.6674311926605505, "val_auc": 0.7757974490010697, "val_f1": 0.685792639451724, "avg_sensitivity": 0.7171885990095292, "avg_specificity": 0.8026488949090281, "class_Few_sensitivity": 0.6532905296950241, "class_Many_sensitivity": 0.8076923076923077, "class_None_sensitivity": 0.6905829596412556, "class_Few_specificity": 0.751004016064257, "class_Many_specificity": 0.9728132387706856, "class_None_specificity": 0.6841294298921418, "class_Few_f1": 0.6987477277317715, "class_Many_f1": 0.8825962618731489, "class_None_f1": 0.68734104685411}
{"fold": 6, "epoch": 27, "train_loss": 0.048606460159584586, "train_auc": 0.9071283630702788, "train_f1": 0.6814528159558484, "val_loss": 0.866285356804045, "val_accuracy": 0.6284403669724771, "val_auc": 0.7521428816727528, "val_f1": 0.655222053067307, "avg_sensitivity": 0.5089567056111118, "avg_specificity": 0.7891086798537734, "class_Few_sensitivity": 0.6324237560192616, "class_Many_sensitivity": 0.23076923076923078, "class_None_sensitivity": 0.6636771300448431, "class_Few_specificity": 0.7590361445783133, "class_Many_specificity": 0.950354609929078, "class_None_specificity": 0.6579352850539292, "class_Few_f1": 0.6899695626190046, "class_Many_f1": 0.3713625866050808, "class_None_f1": 0.660793734609694}
{"fold": 7, "epoch": 22, "train_loss": 0.046998853503984514, "train_auc": 0.9156570265013501, "train_f1": 0.6994802492403648, "val_loss": 0.766069108620286, "val_accuracy": 0.661697247706422, "val_auc": 0.7849946863738926, "val_f1": 0.6823758121918166, "avg_sensitivity": 0.607783056868561, "avg_specificity": 0.8043258281571796, "class_Few_sensitivity": 0.6532905296950241, "class_Many_sensitivity": 0.46153846153846156, "class_None_sensitivity": 0.7085201793721974, "class_Few_specificity": 0.7710843373493976, "class_Many_specificity": 0.9716312056737588, "class_None_specificity": 0.6702619414483821, "class_Few_f1": 0.7073167420200128, "class_Many_f1": 0.6258089074990483, "class_None_f1": 0.6888602685081711}
{"fold": 8, "epoch": 23, "train_loss": 0.053093275548846054, "train_auc": 0.9070116400995322, "train_f1": 0.6855153733410351, "val_loss": 0.6446990666039493, "val_accuracy": 0.7431192660550459, "val_auc": 0.7340926698895119, "val_f1": 0.7346001787261082, "avg_sensitivity": 0.5975942147907684, "avg_specificity": 0.782917168826475, "class_Few_sensitivity": 0.8667736757624398, "class_Many_sensitivity": 0.5, "class_None_sensitivity": 0.4260089686098655, "class_Few_specificity": 0.4899598393574297, "class_Many_specificity": 0.9728132387706856, "class_None_specificity": 0.8859784283513097, "class_Few_f1": 0.6260393602767192, "class_Many_f1": 0.6605136436597111, "class_None_f1": 0.57536338740257}
{"fold": 9, "epoch": 29, "train_loss": 0.04188482994469897, "train_auc": 0.9207981823130768, "train_f1": 0.7296275411936234, "val_loss": 0.7537303276730107, "val_accuracy": 0.6422018348623854, "val_auc": 0.8158721872858025, "val_f1": 0.6627659919164659, "avg_sensitivity": 0.6513035045478865, "avg_specificity": 0.8097762147749977, "class_Few_sensitivity": 0.5858747993579454, "class_Many_sensitivity": 0.56, "class_None_sensitivity": 0.8080357142857143, "class_Few_specificity": 0.8433734939759037, "class_Many_specificity": 0.9763872491145218, "class_None_specificity": 0.6095679012345679, "class_Few_f1": 0.6914281848318787, "class_Many_f1": 0.7117695878031537, "class_None_f1": 0.6949088293612224}
{"fold": 10, "epoch": 28, "train_loss": 0.05113412582741046, "train_auc": 0.9094126482421736, "train_f1": 0.6955963471973864, "val_loss": 0.8248096412611664, "val_accuracy": 0.6513761467889908, "val_auc": 0.7613132807119765, "val_f1": 0.6696674747518971, "avg_sensitivity": 0.5345452113429642, "avg_specificity": 0.7841954712314941, "class_Few_sensitivity": 0.6629213483146067, "class_Many_sensitivity": 0.28, "class_None_sensitivity": 0.6607142857142857, "class_Few_specificity": 0.7028112449799196, "class_Many_specificity": 0.9846517119244392, "class_None_specificity": 0.6651234567901234, "class_Few_f1": 0.6822837507434084, "class_Many_f1": 0.43601329399902916, "class_None_f1": 0.6629115397406053}
