{"fold": 1, "val_accuracy": 0.9799426934097422, "val_auc": 0.9930300617366935, "val_f1": 0.9609810479375697, "avg_sensitivity": 0.9747839560431985, "avg_specificity": 0.9747839560431985, "class_Abormal_sensitivity": 0.985362095531587, "class_Normal_sensitivity": 0.9642058165548099, "class_Abormal_specificity": 0.9642058165548099, "class_Normal_specificity": 0.985362095531587, "class_Abormal_f1": 0.9746691644174827, "class_Normal_f1": 0.9746691644174827}
{"fold": 2, "val_accuracy": 0.9724928366762178, "val_auc": 0.9944157764656001, "val_f1": 0.9478260869565217, "avg_sensitivity": 0.9734430529846296, "avg_specificity": 0.9734430529846296, "class_Abormal_sensitivity": 0.9714946070878274, "class_Normal_sensitivity": 0.9753914988814317, "class_Abormal_specificity": 0.9753914988814317, "class_Normal_specificity": 0.9714946070878274, "class_Abormal_f1": 0.973439152970755, "class_Normal_f1": 0.973439152970755}
{"fold": 3, "val_accuracy": 0.9753581661891118, "val_auc": 0.9969769357779824, "val_f1": 0.9529025191675794, "avg_sensitivity": 0.9746357328259274, "avg_specificity": 0.9746357328259274, "class_Abormal_sensitivity": 0.9761171032357473, "class_Normal_sensitivity": 0.9731543624161074, "class_Abormal_specificity": 0.9731543624161074, "class_Normal_specificity": 0.9761171032357473, "class_Abormal_f1": 0.9746334812582726, "class_Normal_f1": 0.9746334812582726}
{"fold": 4, "val_accuracy": 0.9696275071633238, "val_auc": 0.9922589216874106, "val_f1": 0.9414364640883978, "avg_sensitivity": 0.9634957732129089, "avg_specificity": 0.9634957732129089, "class_Abormal_sensitivity": 0.9760986892829607, "class_Normal_sensitivity": 0.9508928571428571, "class_Abormal_specificity": 0.9508928571428571, "class_Normal_specificity": 0.9760986892829607, "class_Abormal_f1": 0.9633309219516116, "class_Normal_f1": 0.9633309219516116}
{"fold": 5, "val_accuracy": 0.974197247706422, "val_auc": 0.9925701886473518, "val_f1": 0.9506037321624589, "avg_sensitivity": 0.9723893893842097, "avg_specificity": 0.9723893893842097, "class_Abormal_sensitivity": 0.9760986892829607, "class_Normal_sensitivity": 0.9686800894854586, "class_Abormal_specificity": 0.9686800894854586, "class_Normal_specificity": 0.9760986892829607, "class_Abormal_f1": 0.9723752397998054, "class_Normal_f1": 0.9723752397998054}
