{"fold": 1, "val_accuracy": 0.9742120343839542, "val_auc": 0.9934040668314357, "val_f1": 0.9494949494949495, "avg_sensitivity": 0.9650649941572476, "avg_specificity": 0.9650649941572476, "class_Abormal_sensitivity": 0.9838212634822804, "class_Normal_sensitivity": 0.9463087248322147, "class_Abormal_specificity": 0.9463087248322147, "class_Normal_specificity": 0.9838212634822804, "class_Abormal_f1": 0.9647004615701958, "class_Normal_f1": 0.9647004615701958}
{"fold": 2, "val_accuracy": 0.966189111747851, "val_auc": 0.9944795469195424, "val_f1": 0.9362162162162162, "avg_sensitivity": 0.9670056841880297, "avg_specificity": 0.9670056841880297, "class_Abormal_sensitivity": 0.9653312788906009, "class_Normal_sensitivity": 0.9686800894854586, "class_Abormal_specificity": 0.9686800894854586, "class_Normal_specificity": 0.9653312788906009, "class_Abormal_f1": 0.967002784894731, "class_Normal_f1": 0.967002784894731}
{"fold": 3, "val_accuracy": 0.9742120343839542, "val_auc": 0.9954602330896267, "val_f1": 0.9507119386637459, "avg_sensitivity": 0.9731319565809384, "avg_specificity": 0.9731319565809384, "class_Abormal_sensitivity": 0.975346687211094, "class_Normal_sensitivity": 0.970917225950783, "class_Abormal_specificity": 0.970917225950783, "class_Normal_specificity": 0.975346687211094, "class_Abormal_f1": 0.9731269161219022, "class_Normal_f1": 0.9731269161219022}
{"fold": 4, "val_accuracy": 0.9656160458452722, "val_auc": 0.9902298573631457, "val_f1": 0.9343544857768052, "avg_sensitivity": 0.9615278045489591, "avg_specificity": 0.9615278045489591, "class_Abormal_sensitivity": 0.9699306090979183, "class_Normal_sensitivity": 0.953125, "class_Abormal_specificity": 0.953125, "class_Normal_specificity": 0.9699306090979183, "class_Abormal_f1": 0.9614543723258305, "class_Normal_f1": 0.9614543723258305}
{"fold": 5, "val_accuracy": 0.9696100917431193, "val_auc": 0.9915878839310817, "val_f1": 0.9419496166484118, "avg_sensitivity": 0.9671061596283973, "avg_specificity": 0.9671061596283973, "class_Abormal_sensitivity": 0.9722436391673092, "class_Normal_sensitivity": 0.9619686800894854, "class_Abormal_specificity": 0.9619686800894854, "class_Normal_specificity": 0.9722436391673092, "class_Abormal_f1": 0.9670788682129203, "class_Normal_f1": 0.9670788682129203}
{"val_accuracy": 0.9699678636208302, "val_auc": 0.9930323176269663, "val_f1": 0.9425454413600258, "avg_sensitivity": 0.9667673198207144, "avg_specificity": 0.9667673198207144, "class_Abormal_sensitivity": 0.9733346955698405, "class_Normal_sensitivity": 0.9601999440715885, "class_Abormal_specificity": 0.9601999440715885, "class_Normal_specificity": 0.9733346955698405, "class_Abormal_f1": 0.9666726806251159, "class_Normal_f1": 0.9666726806251159}
