{"fold": 1, "val_accuracy": 0.9799426934097422, "val_auc": 0.9930300617366935, "val_f1": 0.9609810479375697, "avg_sensitivity": 0.9747839560431985, "avg_specificity": 0.9747839560431985, "class_Abormal_sensitivity": 0.985362095531587, "class_Normal_sensitivity": 0.9642058165548099, "class_Abormal_specificity": 0.9642058165548099, "class_Normal_specificity": 0.985362095531587, "class_Abormal_f1": 0.9746691644174827, "class_Normal_f1": 0.9746691644174827}
