{"fold": 4, "val_accuracy": 0.9696275071633238, "val_auc": 0.9922589216874106, "val_f1": 0.9414364640883978, "avg_sensitivity": 0.9634957732129089, "avg_specificity": 0.9634957732129089, "class_Abormal_sensitivity": 0.9760986892829607, "class_Normal_sensitivity": 0.9508928571428571, "class_Abormal_specificity": 0.9508928571428571, "class_Normal_specificity": 0.9760986892829607, "class_Abormal_f1": 0.9633309219516116, "class_Normal_f1": 0.9633309219516116}
