{"fold": 2, "val_accuracy": 0.9724928366762178, "val_auc": 0.9944157764656001, "val_f1": 0.9478260869565217, "avg_sensitivity": 0.9734430529846296, "avg_specificity": 0.9734430529846296, "class_Abormal_sensitivity": 0.9714946070878274, "class_Normal_sensitivity": 0.9753914988814317, "class_Abormal_specificity": 0.9753914988814317, "class_Normal_specificity": 0.9714946070878274, "class_Abormal_f1": 0.973439152970755, "class_Normal_f1": 0.973439152970755}
