{"fold": 5, "val_accuracy": 0.974197247706422, "val_auc": 0.9925701886473518, "val_f1": 0.9506037321624589, "avg_sensitivity": 0.9723893893842097, "avg_specificity": 0.9723893893842097, "class_Abormal_sensitivity": 0.9760986892829607, "class_Normal_sensitivity": 0.9686800894854586, "class_Abormal_specificity": 0.9686800894854586, "class_Normal_specificity": 0.9760986892829607, "class_Abormal_f1": 0.9723752397998054, "class_Normal_f1": 0.9723752397998054}
