{"val_accuracy": 0.9743236902289635, "val_auc": 0.9938503768630076, "val_f1": 0.9507499700625056, "avg_sensitivity": 0.9717495808901748, "avg_specificity": 0.9717495808901748, "class_Abormal_sensitivity": 0.9770342368842166, "class_Normal_sensitivity": 0.9664649248961329, "class_Abormal_specificity": 0.9664649248961329, "class_Normal_specificity": 0.9770342368842166, "class_Abormal_f1": 0.9716895920795855, "class_Normal_f1": 0.9716895920795855}
