{"fold": 3, "val_accuracy": 0.9753581661891118, "val_auc": 0.9969769357779824, "val_f1": 0.9529025191675794, "avg_sensitivity": 0.9746357328259274, "avg_specificity": 0.9746357328259274, "class_Abormal_sensitivity": 0.9761171032357473, "class_Normal_sensitivity": 0.9731543624161074, "class_Abormal_specificity": 0.9731543624161074, "class_Normal_specificity": 0.9761171032357473, "class_Abormal_f1": 0.9746334812582726, "class_Normal_f1": 0.9746334812582726}
