{"fold": 3, "val_accuracy": 0.9799426934097422, "val_auc": 0.9859723449204291, "val_f1": 0.9800985248326024, "avg_sensitivity": 0.9877675676257986, "avg_specificity": 0.9892554073441303, "class_Few_sensitivity": 0.9767255216693419, "class_Many_sensitivity": 1.0, "class_None_sensitivity": 0.9865771812080537, "class_Few_specificity": 0.9899799599198397, "class_Many_specificity": 0.9970466627288836, "class_None_specificity": 0.9807395993836672, "class_Few_f1": 0.98330807723541, "class_Many_f1": 0.9985211475894705, "class_None_f1": 0.9836497294228652}
