{"fold": 5, "val_accuracy": 0.9793577981651376, "val_auc": 0.9859953413137392, "val_f1": 0.9795291060582453, "avg_sensitivity": 0.9855872872236646, "avg_specificity": 0.9871053862215758, "class_Few_sensitivity": 0.9791332263242376, "class_Many_sensitivity": 1.0, "class_None_sensitivity": 0.9776286353467561, "class_Few_specificity": 0.9799196787148594, "class_Many_specificity": 0.9952746603662138, "class_None_specificity": 0.9861218195836546, "class_Few_f1": 0.9795262946607789, "class_Many_f1": 0.9976317347542925, "class_None_f1": 0.9818568610331821}
