{"fold": 4, "val_accuracy": 0.9358166189111747, "val_auc": 0.9291669951757855, "val_f1": 0.935272476080642, "avg_sensitivity": 0.8782851857971653, "avg_specificity": 0.9436786706283294, "class_Few_sensitivity": 0.9670947030497592, "class_Many_sensitivity": 0.803921568627451, "class_None_sensitivity": 0.8638392857142857, "class_Few_specificity": 0.8657314629258517, "class_Many_specificity": 1.0, "class_None_specificity": 0.9653045489591364, "class_Few_f1": 0.913610169476652, "class_Many_f1": 0.891304347826087, "class_None_f1": 0.9117577046295992}
