{"fold": 1, "val_accuracy": 0.9787965616045845, "val_auc": 0.9855139926329484, "val_f1": 0.9789799035717778, "avg_sensitivity": 0.9877175766208776, "avg_specificity": 0.9887957033612073, "class_Few_sensitivity": 0.9743384121892542, "class_Many_sensitivity": 1.0, "class_None_sensitivity": 0.9888143176733781, "class_Few_specificity": 0.9899598393574297, "class_Many_specificity": 0.9964580873671782, "class_None_specificity": 0.9799691833590138, "class_Few_f1": 0.9820870097004446, "class_Many_f1": 0.9982259018332348, "class_None_f1": 0.9843718812921299}
