{"fold": 4, "val_accuracy": 0.9277936962750717, "val_auc": 0.9230005739931934, "val_f1": 0.9274231698554688, "avg_sensitivity": 0.8731102928062611, "avg_specificity": 0.9388476258608196, "class_Few_sensitivity": 0.9582664526484751, "class_Many_sensitivity": 0.803921568627451, "class_None_sensitivity": 0.8571428571428571, "class_Few_specificity": 0.8597194388777555, "class_Many_specificity": 1.0, "class_None_specificity": 0.9568234387047032, "class_Few_f1": 0.9063219916131429, "class_Many_f1": 0.891304347826087, "class_None_f1": 0.9042443378468638}
