{"fold": 2, "val_accuracy": 0.9810888252148997, "val_auc": 0.9868681995608959, "val_f1": 0.9812240959671334, "avg_sensitivity": 0.9892652133950713, "avg_specificity": 0.9900553661761823, "class_Few_sensitivity": 0.9767441860465116, "class_Many_sensitivity": 1.0, "class_None_sensitivity": 0.9910514541387024, "class_Few_specificity": 0.9919678714859438, "class_Many_specificity": 0.9982290436835891, "class_None_specificity": 0.9799691833590138, "class_Few_f1": 0.9842971677973339, "class_Many_f1": 0.9991137370753324, "class_None_f1": 0.9854791631324993}
