{"fold": 2, "val_accuracy": 0.9782234957020057, "val_auc": 0.9844761119278884, "val_f1": 0.9784024025439811, "avg_sensitivity": 0.9874502684145154, "avg_specificity": 0.9882987683496344, "class_Few_sensitivity": 0.9735364875701684, "class_Many_sensitivity": 1.0, "class_None_sensitivity": 0.9888143176733781, "class_Few_specificity": 0.9899598393574297, "class_Many_specificity": 0.9988193624557261, "class_None_specificity": 0.9761171032357473, "class_Few_f1": 0.981679478210807, "class_Many_f1": 0.9994093325457768, "class_None_f1": 0.9824246863117455}
