{"overall_accuracy": 0.967331499312242, "overall_auc": 0.9659391349625198, "overall_f1": 0.9675136186322927, "overall_avg_sensitivity": 0.9637627745366405, "overall_avg_specificity": 0.9778657166121653, "overall_class_Few_sensitivity": 0.9701540436456996, "overall_class_Many_sensitivity": 0.9609375, "overall_class_None_sensitivity": 0.9601967799642218, "overall_class_Few_specificity": 0.9622792937399679, "overall_class_Many_specificity": 0.9975200755786491, "overall_class_None_specificity": 0.9737977805178791, "overall_class_Few_f1": 0.9662006237186351, "overall_class_Many_f1": 0.9788871197203667, "overall_class_None_f1": 0.9669494550765333}
