{"fold": 1, "val_accuracy": 0.9793696275071633, "val_auc": 0.9862910267121973, "val_f1": 0.9795642794757913, "avg_sensitivity": 0.9889416927247318, "avg_specificity": 0.9898775861053322, "class_Few_sensitivity": 0.9735364875701684, "class_Many_sensitivity": 1.0, "class_None_sensitivity": 0.9932885906040269, "class_Few_specificity": 0.9939759036144579, "class_Many_specificity": 0.9964580873671782, "class_None_specificity": 0.9791987673343605, "class_Few_f1": 0.9836500286044702, "class_Many_f1": 0.9982259018332348, "class_None_f1": 0.9861933559293599}
