{"fold": 3, "val_accuracy": 0.9759312320916905, "val_auc": 0.9831874598271314, "val_f1": 0.9761566802626747, "avg_sensitivity": 0.9858949084497685, "avg_specificity": 0.9874577699532724, "class_Few_sensitivity": 0.971107544141252, "class_Many_sensitivity": 1.0, "class_None_sensitivity": 0.9865771812080537, "class_Few_specificity": 0.9899799599198397, "class_Many_specificity": 0.9970466627288836, "class_None_specificity": 0.975346687211094, "class_Few_f1": 0.9804529432123309, "class_Many_f1": 0.9985211475894705, "class_None_f1": 0.9809297912713472}
