{"fold": 5, "val_accuracy": 0.9759174311926605, "val_auc": 0.9841707147107317, "val_f1": 0.9761385299606643, "avg_sensitivity": 0.9844603402027428, "avg_specificity": 0.9859757068771099, "class_Few_sensitivity": 0.9735152487961477, "class_Many_sensitivity": 1.0, "class_None_sensitivity": 0.9798657718120806, "class_Few_specificity": 0.9819277108433735, "class_Many_specificity": 0.9952746603662138, "class_None_specificity": 0.9807247494217425, "class_Few_f1": 0.9777033842989101, "class_Many_f1": 0.9976317347542925, "class_None_f1": 0.9802950724484679}
