{"fold": 1, "val_accuracy": 0.9793696275071633, "val_auc": 0.9862910267121973, "val_f1": 0.9795642794757913, "avg_sensitivity": 0.9889416927247318, "avg_specificity": 0.9898775861053322, "class_Few_sensitivity": 0.9735364875701684, "class_Many_sensitivity": 1.0, "class_None_sensitivity": 0.9932885906040269, "class_Few_specificity": 0.9939759036144579, "class_Many_specificity": 0.9964580873671782, "class_None_specificity": 0.9791987673343605, "class_Few_f1": 0.9836500286044702, "class_Many_f1": 0.9982259018332348, "class_None_f1": 0.9861933559293599}
{"fold": 2, "val_accuracy": 0.9810888252148997, "val_auc": 0.9868681995608959, "val_f1": 0.9812240959671334, "avg_sensitivity": 0.9892652133950713, "avg_specificity": 0.9900553661761823, "class_Few_sensitivity": 0.9767441860465116, "class_Many_sensitivity": 1.0, "class_None_sensitivity": 0.9910514541387024, "class_Few_specificity": 0.9919678714859438, "class_Many_specificity": 0.9982290436835891, "class_None_specificity": 0.9799691833590138, "class_Few_f1": 0.9842971677973339, "class_Many_f1": 0.9991137370753324, "class_None_f1": 0.9854791631324993}
{"fold": 3, "val_accuracy": 0.9799426934097422, "val_auc": 0.9859723449204291, "val_f1": 0.9800985248326024, "avg_sensitivity": 0.9877675676257986, "avg_specificity": 0.9892554073441303, "class_Few_sensitivity": 0.9767255216693419, "class_Many_sensitivity": 1.0, "class_None_sensitivity": 0.9865771812080537, "class_Few_specificity": 0.9899799599198397, "class_Many_specificity": 0.9970466627288836, "class_None_specificity": 0.9807395993836672, "class_Few_f1": 0.98330807723541, "class_Many_f1": 0.9985211475894705, "class_None_f1": 0.9836497294228652}
{"fold": 4, "val_accuracy": 0.9358166189111747, "val_auc": 0.9291669951757855, "val_f1": 0.935272476080642, "avg_sensitivity": 0.8782851857971653, "avg_specificity": 0.9436786706283294, "class_Few_sensitivity": 0.9670947030497592, "class_Many_sensitivity": 0.803921568627451, "class_None_sensitivity": 0.8638392857142857, "class_Few_specificity": 0.8657314629258517, "class_Many_specificity": 1.0, "class_None_specificity": 0.9653045489591364, "class_Few_f1": 0.913610169476652, "class_Many_f1": 0.891304347826087, "class_None_f1": 0.9117577046295992}
{"fold": 5, "val_accuracy": 0.9793577981651376, "val_auc": 0.9859953413137392, "val_f1": 0.9795291060582453, "avg_sensitivity": 0.9855872872236646, "avg_specificity": 0.9871053862215758, "class_Few_sensitivity": 0.9791332263242376, "class_Many_sensitivity": 1.0, "class_None_sensitivity": 0.9776286353467561, "class_Few_specificity": 0.9799196787148594, "class_Many_specificity": 0.9952746603662138, "class_None_specificity": 0.9861218195836546, "class_Few_f1": 0.9795262946607789, "class_Many_f1": 0.9976317347542925, "class_None_f1": 0.9818568610331821}
