{"overall_accuracy": 0.9711141678129298, "overall_auc": 0.9689543505980058, "overall_f1": 0.9712396598722254, "overall_avg_sensitivity": 0.9660057997444088, "overall_avg_specificity": 0.9799850897084582, "overall_class_Few_sensitivity": 0.9746469833119383, "overall_class_Many_sensitivity": 0.9609375, "overall_class_None_sensitivity": 0.962432915921288, "overall_class_Few_specificity": 0.9642857142857143, "overall_class_Many_specificity": 0.997401983939537, "overall_class_None_specificity": 0.9782675709001233, "overall_class_Few_f1": 0.9694386645228412, "overall_class_Many_f1": 0.9788302557366917, "overall_class_None_f1": 0.9702856439786961}
