{"fold": 1, "val_accuracy": 0.9879656160458453, "val_auc": 0.9988192149439342, "val_f1": 0.9879417164496996, "avg_sensitivity": 0.9881672763326989, "avg_specificity": 0.9893041171282024, "class_Few_sensitivity": 0.9935846030473136, "class_Many_sensitivity": 1.0, "class_None_sensitivity": 0.970917225950783, "class_Few_specificity": 0.9738955823293173, "class_Many_specificity": 0.999409681227863, "class_None_specificity": 0.9946070878274268, "class_Few_f1": 0.9836415764390248, "class_Many_f1": 0.9997047534691467, "class_None_f1": 0.9826193935684477, "auc_normal_vs_abnormal": 0.9988090436844844, "auc_few_vs_many": 1.0}
