{"fold": 2, "val_accuracy": 0.9828080229226361, "val_auc": 0.9986154802163035, "val_f1": 0.9828477000936321, "avg_sensitivity": 0.9867183103729338, "avg_specificity": 0.9878179464568162, "class_Few_sensitivity": 0.9847634322373697, "class_Many_sensitivity": 1.0, "class_None_sensitivity": 0.9753914988814317, "class_Few_specificity": 0.9779116465863453, "class_Many_specificity": 0.999409681227863, "class_None_specificity": 0.9861325115562404, "class_Few_f1": 0.9813255794682291, "class_Many_f1": 0.9997047534691467, "class_None_f1": 0.9807325971278144, "auc_normal_vs_abnormal": 0.9987452732305422, "auc_few_vs_many": 0.9998742079028884}
