{"fold": 4, "val_accuracy": 0.9289398280802292, "val_auc": 0.9584335486257506, "val_f1": 0.9272371725231446, "avg_sensitivity": 0.8346788153463632, "avg_specificity": 0.9303196472616269, "class_Few_sensitivity": 0.9767255216693419, "class_Many_sensitivity": 0.7058823529411765, "class_None_sensitivity": 0.8214285714285714, "class_Few_specificity": 0.8156312625250501, "class_Many_specificity": 1.0, "class_None_specificity": 0.9753276792598303, "class_Few_f1": 0.8889389405108558, "class_Many_f1": 0.8275862068965517, "class_None_f1": 0.8917870990482903, "auc_normal_vs_abnormal": 0.9601363723978412, "auc_few_vs_many": 0.936982658231832}
