{"fold": 5, "val_accuracy": 0.9873853211009175, "val_auc": 0.9984492304202983, "val_f1": 0.98733918029759, "avg_sensitivity": 0.9864634690816728, "avg_specificity": 0.9877484752683312, "class_Few_sensitivity": 0.9951845906902087, "class_Many_sensitivity": 1.0, "class_None_sensitivity": 0.9642058165548099, "class_Few_specificity": 0.9678714859437751, "class_Many_specificity": 1.0, "class_None_specificity": 0.9953739398612182, "class_Few_f1": 0.9813380270127379, "class_Many_f1": 1.0, "class_None_f1": 0.9795420056967619, "auc_normal_vs_abnormal": 0.9984148585877926, "auc_few_vs_many": 1.0}
