{"val_accuracy": 0.9739813622144528, "val_auc": 0.990612837177571, "val_f1": 0.9736343927916755, "avg_sensitivity": 0.9561658695431108, "avg_specificity": 0.9763698191244593, "class_Few_sensitivity": 0.987643924873951, "class_Many_sensitivity": 0.9411764705882353, "class_None_sensitivity": 0.9396772131671461, "class_Few_specificity": 0.9414507730320079, "class_Many_specificity": 0.9995276055094559, "class_None_specificity": 0.9881310788319139, "class_Few_f1": 0.9630262705472912, "class_Many_f1": 0.9652809394572763, "class_None_f1": 0.9624754176668979, "auc_normal_vs_abnormal": 0.9909467242756025, "auc_few_vs_many": 0.9873682864261045}
