{"fold": 3, "val_accuracy": 0.9828080229226361, "val_auc": 0.9987467116815683, "val_f1": 0.9828061945943113, "avg_sensitivity": 0.9848014765818852, "avg_specificity": 0.9866589095073195, "class_Few_sensitivity": 0.9879614767255217, "class_Many_sensitivity": 1.0, "class_None_sensitivity": 0.9664429530201343, "class_Few_specificity": 0.9719438877755511, "class_Many_specificity": 0.9988186650915535, "class_None_specificity": 0.9892141756548536, "class_Few_f1": 0.9798872293056091, "class_Many_f1": 0.9994089834515367, "class_None_f1": 0.9776959928931754, "auc_normal_vs_abnormal": 0.9986280734773512, "auc_few_vs_many": 0.999984565995802}
