{"epoch": 1, "train_loss": 0.44481500427049775, "val_loss": 4.333630814266628, "val_accuracy": 0.7592592592592593, "val_auc": 0.6290677193130321, "avg_sensitivity": 0.4765744145207829, "avg_specificity": 0.6940154373985057, "class_None_sensitivity": 0.8554006968641115, "class_Few_sensitivity": 0.38095238095238093, "class_Many_sensitivity": 0.19337016574585636, "class_None_specificity": 0.22277227722772278, "class_Few_specificity": 0.9781790820165538, "class_Many_specificity": 0.8810949529512404}
{"epoch": 2, "train_loss": 0.20341754769352818, "val_loss": 7.062797685875696, "val_accuracy": 0.6022222222222222, "val_auc": 0.644930482270256, "avg_sensitivity": 0.6046921755721107, "avg_specificity": 0.7333568925677604, "class_None_sensitivity": 0.6114982578397212, "class_Few_sensitivity": 0.6666666666666666, "class_Many_sensitivity": 0.5359116022099447, "class_None_specificity": 0.5792079207920792, "class_Few_specificity": 0.945071482317532, "class_Many_specificity": 0.6757912745936698}
