{"fold":1,"epoch":30,"train_loss":0.048625936,"train_auc":0.9111783786,"train_f1":0.7034799222,"val_loss":0.8307939812,"val_accuracy":0.5990836197,"val_auc":0.7535673033,"val_f1":0.6257407816,"avg_sensitivity":0.6410057998,"avg_specificity":0.7786492755,"class_Few_sensitivity":0.5689102564,"class_Many_sensitivity":0.68,"class_None_sensitivity":0.6741071429,"class_Few_specificity":0.7670682731,"class_Many_specificity":0.9386792453,"class_None_specificity":0.6302003082,"class_Few_f1":0.6532934449,"class_Many_f1":0.7886700082,"class_None_f1":0.6514147088}
{"fold":2,"epoch":30,"train_loss":0.0436531625,"train_auc":0.9125558105,"train_f1":0.69027517,"val_loss":0.8235196178,"val_accuracy":0.6162657503,"val_auc":0.7805950477,"val_f1":0.6370431354,"avg_sensitivity":0.5244444444,"avg_specificity":0.782718943,"class_Few_sensitivity":0.5833333333,"class_Many_sensitivity":0.24,"class_None_sensitivity":0.75,"class_Few_specificity":0.7710843373,"class_Many_specificity":0.9823113208,"class_None_specificity":0.594761171,"class_Few_f1":0.6641957005,"class_Many_f1":0.3857523251,"class_None_f1":0.6634202234}
{"fold":3,"epoch":25,"train_loss":0.0555581697,"train_auc":0.8981070007,"train_f1":0.6700867281,"val_loss":0.7607737554,"val_accuracy":0.6723940435,"val_auc":0.7690197281,"val_f1":0.6935045758,"avg_sensitivity":0.628072653,"avg_specificity":0.8066276056,"class_Few_sensitivity":0.6805778491,"class_Many_sensitivity":0.5384615385,"class_None_sensitivity":0.6651785714,"class_Few_specificity":0.748,"class_Many_specificity":0.9492325856,"class_None_specificity":0.7226502311,"class_Few_f1":0.7126979205,"class_Many_f1":0.6871375374,"class_None_f1":0.692724416}
{"fold":4,"epoch":23,"train_loss":0.0554265706,"train_auc":0.9033286223,"train_f1":0.6828969108,"val_loss":0.7266340297,"val_accuracy":0.7159221077,"val_auc":0.7754445335,"val_f1":0.7259234105,"avg_sensitivity":0.6094335206,"avg_specificity":0.8022527898,"class_Few_sensitivity":0.7881219904,"class_Many_sensitivity":0.5,"class_None_sensitivity":0.5401785714,"class_Few_specificity":0.632,"class_Many_specificity":0.9504132231,"class_None_specificity":0.8243451464,"class_Few_f1":0.7014793113,"class_Many_f1":0.6552706553,"class_None_f1":0.6526725446}
{"fold":5,"epoch":27,"train_loss":0.0499085121,"train_auc":0.9046107332,"train_f1":0.6682744746,"val_loss":0.7064864481,"val_accuracy":0.6674311927,"val_auc":0.775797449,"val_f1":0.6857926395,"avg_sensitivity":0.717188599,"avg_specificity":0.8026488949,"class_Few_sensitivity":0.6532905297,"class_Many_sensitivity":0.8076923077,"class_None_sensitivity":0.6905829596,"class_Few_specificity":0.7510040161,"class_Many_specificity":0.9728132388,"class_None_specificity":0.6841294299,"class_Few_f1":0.6987477277,"class_Many_f1":0.8825962619,"class_None_f1":0.6873410469}
{"fold":6,"epoch":27,"train_loss":0.0486064602,"train_auc":0.9071283631,"train_f1":0.681452816,"val_loss":0.8662853568,"val_accuracy":0.628440367,"val_auc":0.7521428817,"val_f1":0.6552220531,"avg_sensitivity":0.5089567056,"avg_specificity":0.7891086799,"class_Few_sensitivity":0.632423756,"class_Many_sensitivity":0.2307692308,"class_None_sensitivity":0.66367713,"class_Few_specificity":0.7590361446,"class_Many_specificity":0.9503546099,"class_None_specificity":0.6579352851,"class_Few_f1":0.6899695626,"class_Many_f1":0.3713625866,"class_None_f1":0.6607937346}
{"fold":7,"epoch":22,"train_loss":0.0469988535,"train_auc":0.9156570265,"train_f1":0.6994802492,"val_loss":0.7660691086,"val_accuracy":0.6616972477,"val_auc":0.7849946864,"val_f1":0.6823758122,"avg_sensitivity":0.6077830569,"avg_specificity":0.8043258282,"class_Few_sensitivity":0.6532905297,"class_Many_sensitivity":0.4615384615,"class_None_sensitivity":0.7085201794,"class_Few_specificity":0.7710843373,"class_Many_specificity":0.9716312057,"class_None_specificity":0.6702619414,"class_Few_f1":0.707316742,"class_Many_f1":0.6258089075,"class_None_f1":0.6888602685}
{"fold":8,"epoch":23,"train_loss":0.0530932755,"train_auc":0.9070116401,"train_f1":0.6855153733,"val_loss":0.6446990666,"val_accuracy":0.7431192661,"val_auc":0.7340926699,"val_f1":0.7346001787,"avg_sensitivity":0.5975942148,"avg_specificity":0.7829171688,"class_Few_sensitivity":0.8667736758,"class_Many_sensitivity":0.5,"class_None_sensitivity":0.4260089686,"class_Few_specificity":0.4899598394,"class_Many_specificity":0.9728132388,"class_None_specificity":0.8859784284,"class_Few_f1":0.6260393603,"class_Many_f1":0.6605136437,"class_None_f1":0.5753633874}
{"fold":9,"epoch":29,"train_loss":0.0418848299,"train_auc":0.9207981823,"train_f1":0.7296275412,"val_loss":0.7537303277,"val_accuracy":0.6422018349,"val_auc":0.8158721873,"val_f1":0.6627659919,"avg_sensitivity":0.6513035045,"avg_specificity":0.8097762148,"class_Few_sensitivity":0.5858747994,"class_Many_sensitivity":0.56,"class_None_sensitivity":0.8080357143,"class_Few_specificity":0.843373494,"class_Many_specificity":0.9763872491,"class_None_specificity":0.6095679012,"class_Few_f1":0.6914281848,"class_Many_f1":0.7117695878,"class_None_f1":0.6949088294}
{"fold":10,"epoch":28,"train_loss":0.0511341258,"train_auc":0.9094126482,"train_f1":0.6955963472,"val_loss":0.8248096413,"val_accuracy":0.6513761468,"val_auc":0.7613132807,"val_f1":0.6696674748,"avg_sensitivity":0.5345452113,"avg_specificity":0.7841954712,"class_Few_sensitivity":0.6629213483,"class_Many_sensitivity":0.28,"class_None_sensitivity":0.6607142857,"class_Few_specificity":0.702811245,"class_Many_specificity":0.9846517119,"class_None_specificity":0.6651234568,"class_Few_f1":0.6822837507,"class_Many_f1":0.436013294,"class_None_f1":0.6629115397}
