{"fold": 4, "val_accuracy": 0.9884348496530455, "val_auc": 0.9572435715859376, "val_f1": 0.8275862068965517, "avg_sensitivity": 0.8529411764705883, "avg_specificity": 0.8529411764705883, "class_Few_sensitivity": 1.0, "class_Many_sensitivity": 0.7058823529411765, "class_Few_specificity": 0.7058823529411765, "class_Many_specificity": 1.0, "class_Few_f1": 0.8275862068965517, "class_Many_f1": 0.8275862068965517}
