{"val_accuracy": 0.9972246015161217, "val_auc": 0.9914455695147598, "val_f1": 0.9597289843289174, "avg_sensitivity": 0.9703475291885493, "avg_specificity": 0.9703475291885493, "class_Few_sensitivity": 0.9995185877888634, "class_Many_sensitivity": 0.9411764705882353, "class_Few_specificity": 0.9411764705882353, "class_Many_specificity": 0.9995185877888634, "class_Few_f1": 0.9652764386692573, "class_Many_f1": 0.9652764386692573}
