{"fold": 2, "val_accuracy": 0.9992295839753467, "val_auc": 0.999984275987861, "val_f1": 0.9902912621359223, "avg_sensitivity": 0.9995990376904571, "avg_specificity": 0.9995990376904571, "class_Few_sensitivity": 0.9991980753809142, "class_Many_sensitivity": 1.0, "class_Few_specificity": 1.0, "class_Many_specificity": 0.9991980753809142, "class_Few_f1": 0.9995988768551946, "class_Many_f1": 0.9995988768551946}
