{"fold": 3, "val_accuracy": 0.9992295839753467, "val_auc": 1.0, "val_f1": 0.9904761904761905, "avg_sensitivity": 0.9995987158908507, "avg_specificity": 0.9995987158908507, "class_Few_sensitivity": 0.9991974317817014, "class_Many_sensitivity": 1.0, "class_Few_specificity": 1.0, "class_Many_specificity": 0.9991974317817014, "class_Few_f1": 0.9995985547972701, "class_Many_f1": 0.9995985547972701}
