{"fold": 1, "val_accuracy": 0.9969111969111969, "val_auc": 0.9800059895340772, "val_f1": 0.9591836734693877, "avg_sensitivity": 0.9607843137254901, "avg_specificity": 0.9607843137254901, "class_Few_sensitivity": 1.0, "class_Many_sensitivity": 0.9215686274509803, "class_Few_specificity": 0.9215686274509803, "class_Many_specificity": 1.0, "class_Few_f1": 0.9591836734693878, "class_Many_f1": 0.9591836734693878}
{"fold": 2, "val_accuracy": 0.9992277992277993, "val_auc": 0.9900542210453314, "val_f1": 0.9900990099009901, "avg_sensitivity": 0.9901960784313726, "avg_specificity": 0.9901960784313726, "class_Few_sensitivity": 1.0, "class_Many_sensitivity": 0.9803921568627451, "class_Few_specificity": 0.9803921568627451, "class_Many_specificity": 1.0, "class_Few_f1": 0.99009900990099, "class_Many_f1": 0.99009900990099}
{"fold": 3, "val_accuracy": 0.9992277992277993, "val_auc": 0.9998502616480677, "val_f1": 0.9900990099009901, "avg_sensitivity": 0.9901960784313726, "avg_specificity": 0.9901960784313726, "class_Few_sensitivity": 1.0, "class_Many_sensitivity": 0.9803921568627451, "class_Few_specificity": 0.9803921568627451, "class_Many_specificity": 1.0, "class_Few_f1": 0.99009900990099, "class_Many_f1": 0.99009900990099}
{"fold": 4, "val_accuracy": 0.9976816074188563, "val_auc": 0.9994855305466238, "val_f1": 0.9702970297029703, "avg_sensitivity": 0.9891961414790997, "avg_specificity": 0.9891961414790997, "class_Few_sensitivity": 0.9983922829581994, "class_Many_sensitivity": 0.98, "class_Few_specificity": 0.98, "class_Many_specificity": 0.9983922829581994, "class_Few_f1": 0.9891106488102978, "class_Many_f1": 0.9891106488102978}
{"fold": 5, "val_accuracy": 0.9969088098918083, "val_auc": 0.9801555376776616, "val_f1": 0.9607843137254902, "avg_sensitivity": 0.9795876516334612, "avg_specificity": 0.9795876516334612, "class_Few_sensitivity": 0.998390989541432, "class_Many_sensitivity": 0.9607843137254902, "class_Few_specificity": 0.9607843137254902, "class_Many_specificity": 0.998390989541432, "class_Few_f1": 0.979226718626709, "class_Many_f1": 0.979226718626709}
