{"fold": 5, "val_accuracy": 0.9969088098918083, "val_auc": 0.9801555376776616, "val_f1": 0.9607843137254902, "avg_sensitivity": 0.9795876516334612, "avg_specificity": 0.9795876516334612, "class_Few_sensitivity": 0.998390989541432, "class_Many_sensitivity": 0.9607843137254902, "class_Few_specificity": 0.9607843137254902, "class_Many_specificity": 0.998390989541432, "class_Few_f1": 0.979226718626709, "class_Many_f1": 0.979226718626709}
