{"val_accuracy": 0.997991442535492, "val_auc": 0.9899103080903524, "val_f1": 0.9740926073399656, "avg_sensitivity": 0.9819920527401592, "avg_specificity": 0.9819920527401592, "class_Few_sensitivity": 0.9993566544999263, "class_Many_sensitivity": 0.9646274509803922, "class_Few_specificity": 0.9646274509803922, "class_Many_specificity": 0.9993566544999263, "class_Few_f1": 0.9815438121416749, "class_Many_f1": 0.9815438121416749}
