{"fold": 4, "val_accuracy": 0.9976816074188563, "val_auc": 0.9994855305466238, "val_f1": 0.9702970297029703, "avg_sensitivity": 0.9891961414790997, "avg_specificity": 0.9891961414790997, "class_Few_sensitivity": 0.9983922829581994, "class_Many_sensitivity": 0.98, "class_Few_specificity": 0.98, "class_Many_specificity": 0.9983922829581994, "class_Few_f1": 0.9891106488102978, "class_Many_f1": 0.9891106488102978}
