{"fold": 4, "val_accuracy": 0.9283667621776505, "val_auc": 0.902394272321399, "val_f1": 0.9269436139951028, "avg_sensitivity": 0.8421092922187601, "avg_specificity": 0.9317066412444523, "class_Few_sensitivity": 0.9727126805778491, "class_Many_sensitivity": 0.7254901960784313, "class_None_sensitivity": 0.828125, "class_Few_specificity": 0.8236472945891784, "class_Many_specificity": 1.0, "class_None_specificity": 0.9714726291441789, "class_Few_f1": 0.8919951221870652, "class_Many_f1": 0.8409090909090908, "class_None_f1": 0.8940896097897323}
