{"fold": 1, "val_accuracy": 0.9879656160458453, "val_auc": 0.9853301497875423, "val_f1": 0.9879579606080813, "avg_sensitivity": 0.9891240842301913, "avg_specificity": 0.9901291945307761, "class_Few_sensitivity": 0.991980753809142, "class_Many_sensitivity": 1.0, "class_None_sensitivity": 0.9753914988814317, "class_Few_specificity": 0.9779116465863453, "class_Many_specificity": 0.999409681227863, "class_None_specificity": 0.9930662557781201, "class_Few_f1": 0.9848959589312646, "class_Many_f1": 0.9997047534691467, "class_None_f1": 0.9841495266221935}
{"fold": 2, "val_accuracy": 0.9810888252148997, "val_auc": 0.9785507226456343, "val_f1": 0.9811134544498447, "avg_sensitivity": 0.9844811739076095, "avg_specificity": 0.9858099143283022, "class_Few_sensitivity": 0.9847634322373697, "class_Many_sensitivity": 1.0, "class_None_sensitivity": 0.9686800894854586, "class_Few_specificity": 0.9718875502008032, "class_Many_specificity": 0.999409681227863, "class_None_specificity": 0.9861325115562404, "class_Few_f1": 0.9782831258867641, "class_Many_f1": 0.9997047534691467, "class_None_f1": 0.9773283935552471}
{"fold": 3, "val_accuracy": 0.9828080229226361, "val_auc": 0.9801217878618456, "val_f1": 0.9828061945943113, "avg_sensitivity": 0.9848014765818852, "avg_specificity": 0.9866589095073195, "class_Few_sensitivity": 0.9879614767255217, "class_Many_sensitivity": 1.0, "class_None_sensitivity": 0.9664429530201343, "class_Few_specificity": 0.9719438877755511, "class_Many_specificity": 0.9988186650915535, "class_None_specificity": 0.9892141756548536, "class_Few_f1": 0.9798872293056091, "class_Many_f1": 0.9994089834515367, "class_None_f1": 0.9776959928931754}
{"fold": 4, "val_accuracy": 0.9283667621776505, "val_auc": 0.902394272321399, "val_f1": 0.9269436139951028, "avg_sensitivity": 0.8421092922187601, "avg_specificity": 0.9317066412444523, "class_Few_sensitivity": 0.9727126805778491, "class_Many_sensitivity": 0.7254901960784313, "class_None_sensitivity": 0.828125, "class_Few_specificity": 0.8236472945891784, "class_Many_specificity": 1.0, "class_None_specificity": 0.9714726291441789, "class_Few_f1": 0.8919951221870652, "class_Many_f1": 0.8409090909090908, "class_None_f1": 0.8940896097897323}
{"fold": 5, "val_accuracy": 0.9850917431192661, "val_auc": 0.9783930511361654, "val_f1": 0.985024486926149, "avg_sensitivity": 0.9839588098769155, "avg_specificity": 0.9855435539884093, "class_Few_sensitivity": 0.9943820224719101, "class_Many_sensitivity": 1.0, "class_None_sensitivity": 0.9574944071588367, "class_Few_specificity": 0.9618473895582329, "class_Many_specificity": 0.9994093325457767, "class_None_specificity": 0.9953739398612182, "class_Few_f1": 0.9778441594390108, "class_Many_f1": 0.9997045790251108, "class_None_f1": 0.9760668013315751}
