{"fold": 1, "epoch": 28, "train_loss": 0.012817528515161512, "train_auc": 0.9931512364335973, "train_f1": 0.9469352234405066, "val_loss": 0.37526620135752337, "val_accuracy": 0.8694158075601375, "val_auc": 0.9322594519656277, "val_f1": 0.871041103830165, "avg_sensitivity": 0.8113522588522587, "avg_specificity": 0.9048020146989096, "class_Few_sensitivity": 0.8926282051282052, "class_Many_sensitivity": 0.72, "class_None_sensitivity": 0.8214285714285714, "class_Few_specificity": 0.8192771084337349, "class_Many_specificity": 0.9952830188679245, "class_None_specificity": 0.8998459167950693, "class_Few_f1": 0.854381196214881, "class_Many_f1": 0.8355516444835551, "class_None_f1": 0.8588509862847278}
{"fold": 2, "epoch": 25, "train_loss": 0.023117750464446994, "train_auc": 0.9805079385337897, "train_f1": 0.9000054710162665, "val_loss": 0.4198453692694262, "val_accuracy": 0.849942726231386, "val_auc": 0.9029844658476467, "val_f1": 0.8510461347579972, "avg_sensitivity": 0.7633180708180708, "avg_specificity": 0.8875974262683396, "class_Few_sensitivity": 0.8910256410256411, "class_Many_sensitivity": 0.64, "class_None_sensitivity": 0.7589285714285714, "class_Few_specificity": 0.7751004016064257, "class_Many_specificity": 0.9893867924528302, "class_None_specificity": 0.8983050847457628, "class_Few_f1": 0.8290301148039989, "class_Many_f1": 0.7772341719016878, "class_None_f1": 0.8227559127020363}
{"fold": 3, "epoch": 29, "train_loss": 0.019827166014554476, "train_auc": 0.9907000289992632, "train_f1": 0.9383926774906319, "val_loss": 0.4067466647917914, "val_accuracy": 0.8717067583046965, "val_auc": 0.9199694877616503, "val_f1": 0.8713504055021725, "avg_sensitivity": 0.8508007675844754, "avg_specificity": 0.896351736604433, "class_Few_sensitivity": 0.913322632423756, "class_Many_sensitivity": 0.8846153846153846, "class_None_sensitivity": 0.7544642857142857, "class_Few_specificity": 0.772, "class_Many_specificity": 0.9940968122786304, "class_None_specificity": 0.9229583975346687, "class_Few_f1": 0.8367360156044635, "class_Many_f1": 0.9361660986633795, "class_None_f1": 0.8302488753654806}
{"fold": 4, "epoch": 17, "train_loss": 0.0240383509284369, "train_auc": 0.9821180916045428, "train_f1": 0.9064213322468868, "val_loss": 0.35010374125710964, "val_accuracy": 0.8751431844215349, "val_auc": 0.9293630572422052, "val_f1": 0.8740655278044608, "avg_sensitivity": 0.7796461497304193, "avg_specificity": 0.8967126514984759, "class_Few_sensitivity": 0.9261637239165329, "class_Many_sensitivity": 0.6538461538461539, "class_None_sensitivity": 0.7589285714285714, "class_Few_specificity": 0.768, "class_Many_specificity": 0.9976387249114522, "class_None_specificity": 0.9244992295839753, "class_Few_f1": 0.8396989380973675, "class_Many_f1": 0.7899584811240341, "class_None_f1": 0.8335716912515833}
{"fold": 5, "epoch": 22, "train_loss": 0.028162189686627127, "train_auc": 0.9754813222089683, "train_f1": 0.8817433307893601, "val_loss": 0.4341446514915725, "val_accuracy": 0.8612385321100917, "val_auc": 0.9169162600296726, "val_f1": 0.8626063559236126, "avg_sensitivity": 0.8012750840634147, "avg_specificity": 0.8981419125232749, "class_Few_sensitivity": 0.8972712680577849, "class_Many_sensitivity": 0.7307692307692307, "class_None_sensitivity": 0.7757847533632287, "class_Few_specificity": 0.8032128514056225, "class_Many_specificity": 0.9929078014184397, "class_None_specificity": 0.8983050847457628, "class_Few_f1": 0.8476407458935293, "class_Many_f1": 0.841905364772907, "class_None_f1": 0.8325615182057569}
{"fold": 6, "epoch": 25, "train_loss": 0.014838600539674103, "train_auc": 0.9925586847920419, "train_f1": 0.9424244806518041, "val_loss": 0.3831282646180058, "val_accuracy": 0.8543577981651376, "val_auc": 0.9300571020007241, "val_f1": 0.8562343586338174, "avg_sensitivity": 0.7886585123447117, "avg_specificity": 0.8942351710220878, "class_Few_sensitivity": 0.884430176565008, "class_Many_sensitivity": 0.6923076923076923, "class_None_sensitivity": 0.7892376681614349, "class_Few_specificity": 0.7991967871485943, "class_Many_specificity": 0.9929078014184397, "class_None_specificity": 0.8906009244992296, "class_Few_f1": 0.8396560173982295, "class_Many_f1": 0.8157979928779541, "class_None_f1": 0.8368611127107002}
{"fold": 7, "epoch": 24, "train_loss": 0.023989202270130645, "train_auc": 0.9862406058769535, "train_f1": 0.9220062014502238, "val_loss": 0.37096252626554255, "val_accuracy": 0.8612385321100917, "val_auc": 0.932184986743172, "val_f1": 0.8623001628276084, "avg_sensitivity": 0.8210474045864785, "avg_specificity": 0.8950929223675456, "class_Few_sensitivity": 0.9020866773675762, "class_Many_sensitivity": 0.8076923076923077, "class_None_sensitivity": 0.7533632286995515, "class_Few_specificity": 0.7831325301204819, "class_Many_specificity": 0.9822695035460993, "class_None_specificity": 0.9198767334360555, "class_Few_f1": 0.8384113104049759, "class_Many_f1": 0.8864675403840292, "class_None_f1": 0.828334634110083}
{"fold": 8, "epoch": 30, "train_loss": 0.014223478239646306, "train_auc": 0.9942174222519328, "train_f1": 0.9517079474568891, "val_loss": 0.4141863957837638, "val_accuracy": 0.875, "val_auc": 0.928886811671371, "val_f1": 0.8764416315049227, "avg_sensitivity": 0.7956010919431084, "avg_specificity": 0.909602383935345, "class_Few_sensitivity": 0.898876404494382, "class_Many_sensitivity": 0.6538461538461539, "class_None_sensitivity": 0.8340807174887892, "class_Few_specificity": 0.8313253012048193, "class_Many_specificity": 0.9976359338061466, "class_None_specificity": 0.8998459167950693, "class_Few_f1": 0.8637821766684922, "class_Many_f1": 0.7899576061223367, "class_None_f1": 0.8657161301634614}
{"fold": 9, "epoch": 23, "train_loss": 0.02007148937130461, "train_auc": 0.9873683554482703, "train_f1": 0.9237200115320556, "val_loss": 0.47457044005942495, "val_accuracy": 0.8405963302752294, "val_auc": 0.9293087634478636, "val_f1": 0.8461974315055101, "avg_sensitivity": 0.7975100321027287, "avg_specificity": 0.9034285435648464, "class_Few_sensitivity": 0.8330658105939005, "class_Many_sensitivity": 0.68, "class_None_sensitivity": 0.8794642857142857, "class_Few_specificity": 0.8755020080321285, "class_Many_specificity": 0.9952774498229043, "class_None_specificity": 0.8395061728395061, "class_Few_f1": 0.8537569092040974, "class_Many_f1": 0.8079720358572475, "class_None_f1": 0.8590208086184231}
{"fold": 10, "epoch": 27, "train_loss": 0.022133928394425482, "train_auc": 0.9831435443194715, "train_f1": 0.9060391243514658, "val_loss": 0.44250000281998497, "val_accuracy": 0.838302752293578, "val_auc": 0.8909961392435598, "val_f1": 0.8377913966721927, "avg_sensitivity": 0.7573649010165863, "avg_specificity": 0.8708569172546293, "class_Few_sensitivity": 0.8956661316211878, "class_Many_sensitivity": 0.68, "class_None_sensitivity": 0.6964285714285714, "class_Few_specificity": 0.7188755020080321, "class_Many_specificity": 0.9893742621015348, "class_None_specificity": 0.904320987654321, "class_Few_f1": 0.7975916217824075, "class_Many_f1": 0.8060199722764434, "class_None_f1": 0.786875086076298}
