{"fold": 5, "val_accuracy": 0.9879587155963303, "val_auc": 0.9986807379617854, "val_f1": 0.9879183010797201, "avg_sensitivity": 0.987209181236781, "avg_specificity": 0.9884779335008048, "class_Few_sensitivity": 0.9951845906902087, "class_Many_sensitivity": 1.0, "class_None_sensitivity": 0.9664429530201343, "class_Few_specificity": 0.9698795180722891, "class_Many_specificity": 0.9994093325457767, "class_None_specificity": 0.9961449498843485, "class_Few_f1": 0.9823691216053301, "class_Many_f1": 0.9997045790251108, "class_None_f1": 0.9810691949925648}
{"fold": 5, "val_accuracy": 0.9782110091743119, "val_auc": 0.9905469341571239, "val_f1": 0.9573991031390134, "avg_sensitivity": 0.9706895451385835, "avg_specificity": 0.9706895451385835, "class_Normal_sensitivity": 0.9861218195836546, "class_Abnormal_sensitivity": 0.9552572706935123, "class_Normal_specificity": 0.9552572706935123, "class_Abnormal_specificity": 0.9861218195836546, "class_Normal_f1": 0.9704441988321967, "class_Abnormal_f1": 0.9704441988321967}
