{"val_accuracy": 0.9734083620304409, "val_auc": 0.9904993405826847, "val_f1": 0.9731001838270661, "avg_sensitivity": 0.9565675648916395, "avg_specificity": 0.976725041153847, "class_Few_sensitivity": 0.9857180185897196, "class_Many_sensitivity": 0.9411764705882353, "class_None_sensitivity": 0.942808205496964, "class_Few_specificity": 0.9442579938994454, "class_Many_specificity": 0.9991732747733391, "class_None_specificity": 0.9867438547887563, "class_Few_f1": 0.9635961583489665, "class_Many_f1": 0.9651036170122064, "class_None_f1": 0.9634805181408744}
{"val_accuracy": 0.9754702820640887, "val_auc": 0.9928910932011406, "val_f1": 0.9517574228946266, "avg_sensitivity": 0.9653390459990957, "avg_specificity": 0.9653390459990957, "class_Normal_sensitivity": 0.9861281159675107, "class_Abnormal_sensitivity": 0.9445499760306808, "class_Normal_specificity": 0.9445499760306808, "class_Abnormal_specificity": 0.9861281159675107, "class_Normal_f1": 0.9648277005961476, "class_Abnormal_f1": 0.9648277005961476}
