{"fold": 2, "val_accuracy": 0.9851002865329513, "val_auc": 0.9987112664778868, "val_f1": 0.9851249430242891, "avg_sensitivity": 0.9882659471471277, "avg_specificity": 0.9892577065243074, "class_Few_sensitivity": 0.9871692060946271, "class_Many_sensitivity": 1.0, "class_None_sensitivity": 0.9776286353467561, "class_Few_specificity": 0.9799196787148594, "class_Many_specificity": 0.999409681227863, "class_None_specificity": 0.9884437596302003, "class_Few_f1": 0.9835310836674651, "class_Many_f1": 0.9997047534691467, "class_None_f1": 0.9830064511491355}
{"fold": 2, "val_accuracy": 0.9736389684813753, "val_auc": 0.9949078430764245, "val_f1": 0.9484304932735426, "avg_sensitivity": 0.964679786144921, "avg_specificity": 0.964679786144921, "class_Normal_sensitivity": 0.9830508474576272, "class_Abnormal_sensitivity": 0.9463087248322147, "class_Normal_specificity": 0.9463087248322147, "class_Abnormal_specificity": 0.9830508474576272, "class_Normal_f1": 0.9643299333765698, "class_Abnormal_f1": 0.9643299333765698}
