{"fold": 4, "val_accuracy": 0.926647564469914, "val_auc": 0.957629134191871, "val_f1": 0.9250728048366758, "avg_sensitivity": 0.8340852492682466, "avg_specificity": 0.9297026332284203, "class_Few_sensitivity": 0.9727126805778491, "class_Many_sensitivity": 0.7058823529411765, "class_None_sensitivity": 0.8236607142857143, "class_Few_specificity": 0.8176352705410822, "class_Many_specificity": 1.0, "class_None_specificity": 0.9714726291441789, "class_Few_f1": 0.8884576824811617, "class_Many_f1": 0.8275862068965517, "class_None_f1": 0.8914812290223215}
{"fold": 4, "val_accuracy": 0.9713467048710601, "val_auc": 0.9916780826632889, "val_f1": 0.9434389140271493, "avg_sensitivity": 0.9580771904945478, "avg_specificity": 0.9580771904945478, "class_Normal_sensitivity": 0.9853508095605242, "class_Abnormal_sensitivity": 0.9308035714285714, "class_Normal_specificity": 0.9308035714285714, "class_Abnormal_specificity": 0.9853508095605242, "class_Normal_f1": 0.9573007913647742, "class_Abnormal_f1": 0.9573007913647742}
