{"fold": 1, "val_accuracy": 0.9851002865329513, "val_auc": 0.9988908654693742, "val_f1": 0.9850958882175554, "avg_sensitivity": 0.9868307353008893, "avg_specificity": 0.9880801228379523, "class_Few_sensitivity": 0.9895749799518845, "class_Many_sensitivity": 1.0, "class_None_sensitivity": 0.970917225950783, "class_Few_specificity": 0.9738955823293173, "class_Many_specificity": 0.9988193624557261, "class_None_specificity": 0.9915254237288136, "class_Few_f1": 0.9816726768127009, "class_Many_f1": 0.9994093325457768, "class_None_f1": 0.9811131184125359}
{"fold": 1, "val_accuracy": 0.9851002865329513, "val_auc": 0.9988908654693742, "val_f1": 0.9850958882175554, "avg_sensitivity": 0.9868307353008893, "avg_specificity": 0.9880801228379523, "class_Few_sensitivity": 0.9895749799518845, "class_Many_sensitivity": 1.0, "class_None_sensitivity": 0.970917225950783, "class_Few_specificity": 0.9738955823293173, "class_Many_specificity": 0.9988193624557261, "class_None_specificity": 0.9915254237288136, "class_Few_f1": 0.9816726768127009, "class_Many_f1": 0.9994093325457768, "class_None_f1": 0.9811131184125359}
{"fold": 1, "val_accuracy": 0.9851002865329513, "val_auc": 0.9988908654693742, "val_f1": 0.9850958882175554, "avg_sensitivity": 0.9868307353008893, "avg_specificity": 0.9880801228379523, "class_Few_sensitivity": 0.9895749799518845, "class_Many_sensitivity": 1.0, "class_None_sensitivity": 0.970917225950783, "class_Few_specificity": 0.9738955823293173, "class_Many_specificity": 0.9988193624557261, "class_None_specificity": 0.9915254237288136, "class_Few_f1": 0.9816726768127009, "class_Many_f1": 0.9994093325457768, "class_None_f1": 0.9811131184125359}
{"fold": 1, "val_accuracy": 0.9759312320916905, "val_auc": 0.9916176323581625, "val_f1": 0.9518348623853211, "avg_sensitivity": 0.9603537364315433, "avg_specificity": 0.9603537364315433, "class_Normal_sensitivity": 0.9922958397534669, "class_Abnormal_sensitivity": 0.9284116331096197, "class_Normal_specificity": 0.9284116331096197, "class_Abnormal_specificity": 0.9922958397534669, "class_Normal_f1": 0.9592913175270055, "class_Abnormal_f1": 0.9592913175270055}
