{"fold": 3, "val_accuracy": 0.9822349570200573, "val_auc": 0.9985846988125061, "val_f1": 0.98228898197709, "avg_sensitivity": 0.9864467115051535, "avg_specificity": 0.98810680967775, "class_Few_sensitivity": 0.9839486356340289, "class_Many_sensitivity": 1.0, "class_None_sensitivity": 0.9753914988814317, "class_Few_specificity": 0.9799599198396793, "class_Many_specificity": 0.9982279976373302, "class_None_specificity": 0.9861325115562404, "class_Few_f1": 0.9819502271781752, "class_Many_f1": 0.9991132131244458, "class_None_f1": 0.9807325971278144}
{"fold": 3, "val_accuracy": 0.9782234957020057, "val_auc": 0.9957049737507023, "val_f1": 0.9576837416481069, "avg_sensitivity": 0.9728949717858829, "avg_specificity": 0.9728949717858829, "class_Normal_sensitivity": 0.9838212634822804, "class_Abnormal_sensitivity": 0.9619686800894854, "class_Normal_specificity": 0.9619686800894854, "class_Abnormal_specificity": 0.9838212634822804, "class_Normal_f1": 0.9727722618801923, "class_Abnormal_f1": 0.9727722618801923}
