{"fold": 1, "val_accuracy": 0.9759312320916905, "val_auc": 0.9916176323581625, "val_f1": 0.9518348623853211, "avg_sensitivity": 0.9603537364315433, "avg_specificity": 0.9603537364315433, "class_Abormal_sensitivity": 0.9922958397534669, "class_Normal_sensitivity": 0.9284116331096197, "class_Abormal_specificity": 0.9284116331096197, "class_Normal_specificity": 0.9922958397534669, "class_Abormal_f1": 0.9592913175270055, "class_Normal_f1": 0.9592913175270055}
{"fold": 2, "val_accuracy": 0.9736389684813753, "val_auc": 0.9949078430764245, "val_f1": 0.9484304932735426, "avg_sensitivity": 0.964679786144921, "avg_specificity": 0.964679786144921, "class_Abormal_sensitivity": 0.9830508474576272, "class_Normal_sensitivity": 0.9463087248322147, "class_Abormal_specificity": 0.9463087248322147, "class_Normal_specificity": 0.9830508474576272, "class_Abormal_f1": 0.9643299333765698, "class_Normal_f1": 0.9643299333765698}
{"fold": 3, "val_accuracy": 0.9782234957020057, "val_auc": 0.9957049737507023, "val_f1": 0.9576837416481069, "avg_sensitivity": 0.9728949717858829, "avg_specificity": 0.9728949717858829, "class_Abormal_sensitivity": 0.9838212634822804, "class_Normal_sensitivity": 0.9619686800894854, "class_Abormal_specificity": 0.9619686800894854, "class_Normal_specificity": 0.9838212634822804, "class_Abormal_f1": 0.9727722618801923, "class_Normal_f1": 0.9727722618801923}
{"fold": 4, "val_accuracy": 0.9713467048710601, "val_auc": 0.9916780826632889, "val_f1": 0.9434389140271493, "avg_sensitivity": 0.9580771904945478, "avg_specificity": 0.9580771904945478, "class_Abormal_sensitivity": 0.9853508095605242, "class_Normal_sensitivity": 0.9308035714285714, "class_Abormal_specificity": 0.9308035714285714, "class_Normal_specificity": 0.9853508095605242, "class_Abormal_f1": 0.9573007913647742, "class_Normal_f1": 0.9573007913647742}
{"fold": 5, "val_accuracy": 0.9782110091743119, "val_auc": 0.9905469341571239, "val_f1": 0.9573991031390134, "avg_sensitivity": 0.9706895451385835, "avg_specificity": 0.9706895451385835, "class_Abormal_sensitivity": 0.9861218195836546, "class_Normal_sensitivity": 0.9552572706935123, "class_Abormal_specificity": 0.9552572706935123, "class_Normal_specificity": 0.9861218195836546, "class_Abormal_f1": 0.9704441988321967, "class_Normal_f1": 0.9704441988321967}
