{"fold": 3, "val_accuracy": 0.9822349570200573, "val_auc": 0.9984315648281185, "val_f1": 0.982226496067354, "avg_sensitivity": 0.9840557644267771, "avg_specificity": 0.9859909068353087, "auc_normal_vs_abnormal": 0.99830922120764, "auc_few_vs_many": 0.999984565995802, "class_Few_sensitivity": 0.9879614767255217, "class_Many_sensitivity": 1.0, "class_None_sensitivity": 0.9642058165548099, "class_Few_specificity": 0.969939879759519, "class_Many_specificity": 0.9988186650915535, "class_None_specificity": 0.9892141756548536, "class_Few_f1": 0.9788677379155909, "class_Many_f1": 0.9994089834515367, "class_None_f1": 0.9765499132687363}
