{"fold": 2, "val_accuracy": 0.9828080229226361, "val_auc": 0.9988645535658679, "val_f1": 0.9828590178612763, "avg_sensitivity": 0.98719671432168, "avg_specificity": 0.9882304851581032, "auc_normal_vs_abnormal": 0.9988314495196533, "auc_few_vs_many": 0.9999842759878612, "class_Few_sensitivity": 0.9839615076182838, "class_Many_sensitivity": 1.0, "class_None_sensitivity": 0.9776286353467561, "class_Few_specificity": 0.9799196787148594, "class_Many_specificity": 0.999409681227863, "class_None_specificity": 0.985362095531587, "class_Few_f1": 0.98193643395852, "class_Many_f1": 0.9997047534691467, "class_None_f1": 0.981480131947365}
