{"fold": 5, "val_accuracy": 0.9862385321100917, "val_auc": 0.9980121753954115, "val_f1": 0.9861766279278357, "avg_sensitivity": 0.9787036197984711, "avg_specificity": 0.9860575606704961, "auc_normal_vs_abnormal": 0.998006068038616, "auc_few_vs_many": 0.999952790104806, "class_Few_sensitivity": 0.9959871589085072, "class_Many_sensitivity": 0.9803921568627451, "class_None_sensitivity": 0.959731543624161, "class_Few_specificity": 0.9618473895582329, "class_Many_specificity": 0.9994093325457767, "class_None_specificity": 0.9969159599074788, "class_Few_f1": 0.9786196178629166, "class_Many_f1": 0.9898094090393231, "class_None_f1": 0.9779704227140016}
