{"fold": 2, "val_accuracy": 0.9992277992277993, "val_auc": 0.9900542210453314, "val_f1": 0.9900990099009901, "avg_sensitivity": 0.9901960784313726, "avg_specificity": 0.9901960784313726, "class_Few_sensitivity": 1.0, "class_Many_sensitivity": 0.9803921568627451, "class_Few_specificity": 0.9803921568627451, "class_Many_specificity": 1.0, "class_Few_f1": 0.99009900990099, "class_Many_f1": 0.99009900990099}
