{"fold": 1, "val_accuracy": 0.9969111969111969, "val_auc": 0.9800059895340772, "val_f1": 0.9591836734693877, "avg_sensitivity": 0.9607843137254901, "avg_specificity": 0.9607843137254901, "class_Few_sensitivity": 1.0, "class_Many_sensitivity": 0.9215686274509803, "class_Few_specificity": 0.9215686274509803, "class_Many_specificity": 1.0, "class_Few_f1": 0.9591836734693878, "class_Many_f1": 0.9591836734693878}
