{"fold": 5, "val_accuracy": 0.9764908256880734, "val_auc": 0.9982727396971179, "val_f1": 0.9767042536212108, "avg_sensitivity": 0.9847278629421755, "avg_specificity": 0.9862327102181533, "class_Few_sensitivity": 0.9743178170144462, "class_Many_sensitivity": 1.0, "class_None_sensitivity": 0.9798657718120806, "class_Few_specificity": 0.9819277108433735, "class_Many_specificity": 0.9952746603662138, "class_None_specificity": 0.9814957594448728, "class_Few_f1": 0.9781079624933889, "class_Many_f1": 0.9976317347542925, "class_None_f1": 0.9806800883286416, "auc_normal_vs_abnormal": 0.9986477139639056, "auc_few_vs_many": 0.9992761149403582}
