{"fold": 3, "val_accuracy": 0.974785100286533, "val_auc": 0.9979211125808721, "val_f1": 0.975005391488167, "avg_sensitivity": 0.9844034841395523, "avg_specificity": 0.9861217646092509, "class_Few_sensitivity": 0.971107544141252, "class_Many_sensitivity": 1.0, "class_None_sensitivity": 0.9821029082774049, "class_Few_specificity": 0.9859719438877755, "class_Many_specificity": 0.9970466627288836, "class_None_specificity": 0.975346687211094, "class_Few_f1": 0.9784832950094591, "class_Many_f1": 0.9985211475894705, "class_None_f1": 0.9787131380511462, "auc_normal_vs_abnormal": 0.9979541748965023, "auc_few_vs_many": 0.9992746018026917}
