{"fold": 4, "val_accuracy": 0.9283667621776505, "val_auc": 0.9658066534542527, "val_f1": 0.9280219174340245, "avg_sensitivity": 0.8796462405186793, "avg_specificity": 0.939104629201863, "class_Few_sensitivity": 0.9582664526484751, "class_Many_sensitivity": 0.8235294117647058, "class_None_sensitivity": 0.8571428571428571, "class_Few_specificity": 0.8597194388777555, "class_Many_specificity": 1.0, "class_None_specificity": 0.9575944487278335, "class_Few_f1": 0.9063219916131429, "class_Many_f1": 0.9032258064516129, "class_None_f1": 0.9045884923525127, "auc_normal_vs_abnormal": 0.9675384128207953, "auc_few_vs_many": 0.970603971925849}
