{"fold": 2, "val_accuracy": 0.9845272206303725, "val_auc": 0.9951999031088391, "val_f1": 0.984547645560286, "avg_sensitivity": 0.9875202349920196, "avg_specificity": 0.9885883624814694, "class_Few_sensitivity": 0.9871692060946271, "class_Many_sensitivity": 1.0, "class_None_sensitivity": 0.9753914988814317, "class_Few_specificity": 0.9779116465863453, "class_Many_specificity": 0.999409681227863, "class_None_specificity": 0.9884437596302003, "class_Few_f1": 0.9825186200092271, "class_Many_f1": 0.9997047534691467, "class_None_f1": 0.9818742545608369, "auc_normal_vs_abnormal": 0.9952404835523934, "auc_few_vs_many": 0.9995911756843876}
