{"val_accuracy": 0.9739808364659185, "val_auc": 0.9862002532581104, "val_f1": 0.9736630239214659, "avg_sensitivity": 0.9585775158359416, "avg_specificity": 0.9764508270942954, "class_Few_sensitivity": 0.9874831537906061, "class_Many_sensitivity": 0.9490196078431372, "class_None_sensitivity": 0.9392297858740812, "class_Few_specificity": 0.9418483553452287, "class_Many_specificity": 0.9995276055094559, "class_None_specificity": 0.9879765204282016, "class_Few_f1": 0.9632181010818389, "class_Many_f1": 0.9705502149318985, "class_None_f1": 0.9621703278225422, "auc_normal_vs_abnormal": 0.986550597381302, "auc_few_vs_many": 0.9803088485992028}
