{"fold": 3, "val_accuracy": 0.9851002865329513, "val_auc": 0.9984049619512705, "val_f1": 0.9851104688328318, "avg_sensitivity": 0.9873061357866426, "avg_specificity": 0.9889197228649026, "class_Few_sensitivity": 0.9887640449438202, "class_Many_sensitivity": 1.0, "class_None_sensitivity": 0.9731543624161074, "class_Few_specificity": 0.9779559118236473, "class_Many_specificity": 0.9988186650915535, "class_None_specificity": 0.9899845916795069, "class_Few_f1": 0.9833302802711119, "class_Many_f1": 0.9994089834515367, "class_None_f1": 0.981497333245539, "auc_normal_vs_abnormal": 0.9974793435435001, "auc_few_vs_many": 0.9999922829979009}
