{"val_accuracy": 0.9759288662232853, "val_auc": 0.9938020551118207, "val_f1": 0.9525266961023254, "avg_sensitivity": 0.9649147673483736, "avg_specificity": 0.9649147673483736, "class_Abormal_sensitivity": 0.9875156964097543, "class_Normal_sensitivity": 0.9423138382869928, "class_Abormal_specificity": 0.9423138382869928, "class_Normal_specificity": 0.9875156964097543, "class_Abormal_f1": 0.964339768382937, "class_Normal_f1": 0.964339768382937}
