{"fold": 1, "val_accuracy": 0.9879656160458453, "val_auc": 0.9986820079998584, "val_f1": 0.9879498714537954, "avg_sensitivity": 0.9886456802814451, "avg_specificity": 0.9897166558294893, "class_Few_sensitivity": 0.9927826784282278, "class_Many_sensitivity": 1.0, "class_None_sensitivity": 0.9731543624161074, "class_Few_specificity": 0.9759036144578314, "class_Many_specificity": 0.999409681227863, "class_None_specificity": 0.9938366718027735, "class_Few_f1": 0.9842707878347672, "class_Many_f1": 0.9997047534691467, "class_None_f1": 0.9833867830292835, "auc_normal_vs_abnormal": 0.9986754704363621, "auc_few_vs_many": 1.0}
