{"fold": 5, "val_accuracy": 0.9827981651376146, "val_auc": 0.9955943347140268, "val_f1": 0.9827223643069798, "avg_sensitivity": 0.9819323400878336, "avg_specificity": 0.9836307450310106, "class_Few_sensitivity": 0.992776886035313, "class_Many_sensitivity": 1.0, "class_None_sensitivity": 0.9530201342281879, "class_Few_specificity": 0.9578313253012049, "class_Many_specificity": 1.0, "class_None_specificity": 0.9930609097918273, "class_Few_f1": 0.9749910770939085, "class_Many_f1": 1.0, "class_None_f1": 0.9726286009051122, "auc_normal_vs_abnormal": 0.9953998126807864, "auc_few_vs_many": 1.0}
