{"fold": 4, "val_accuracy": 0.929512893982808, "val_auc": 0.9431200585165577, "val_f1": 0.9279847694534366, "avg_sensitivity": 0.8474831880317669, "avg_specificity": 0.9313986492646048, "class_Few_sensitivity": 0.9759229534510433, "class_Many_sensitivity": 0.7450980392156863, "class_None_sensitivity": 0.8214285714285714, "class_Few_specificity": 0.8196392785571143, "class_Many_specificity": 1.0, "class_None_specificity": 0.9745566692367, "class_Few_f1": 0.8909797402001796, "class_Many_f1": 0.8539325842696629, "class_None_f1": 0.8914646673719393, "auc_normal_vs_abnormal": 0.9459578766934684, "auc_few_vs_many": 0.9019607843137255}
