{"val_accuracy": 0.9734014575911388, "val_auc": 0.9891154930718471, "val_f1": 0.9726622307124885, "avg_sensitivity": 0.9532443819301909, "avg_specificity": 0.9755381597581747, "auc_normal_vs_abnormal": 0.9896977658073522, "auc_few_vs_many": 0.9849732065687121, "class_Few_sensitivity": 0.9879637918261513, "class_Many_sensitivity": 0.9344615384615385, "class_None_sensitivity": 0.9373078155028829, "class_Few_specificity": 0.9385718875502007, "class_Many_specificity": 0.9992916168151561, "class_None_specificity": 0.9887509749091669, "class_Few_f1": 0.9602553329990589, "class_Many_f1": 0.9551057039820805, "class_None_f1": 0.9602890481178404}
{"val_accuracy": 0.973064325333193, "val_auc": 0.9897690230984966, "val_f1": 0.972699302505913, "avg_sensitivity": 0.9528479974515122, "avg_specificity": 0.9754884500061923, "auc_normal_vs_abnormal": 0.9904551956448702, "auc_few_vs_many": 0.9860023291243944, "class_Few_sensitivity": 0.9873231550263167, "class_Many_sensitivity": 0.9333333333333333, "class_None_sensitivity": 0.9378875039948866, "class_Few_specificity": 0.9390427441227838, "class_Many_specificity": 0.999291408264184, "class_None_specificity": 0.9881311976316093, "class_Few_f1": 0.9616073993926888, "class_Many_f1": 0.9604571933755753, "class_None_f1": 0.9615575824838392}
