{"fold": 4, "val_accuracy": 0.9277936962750717, "val_auc": 0.9550302058914468, "val_f1": 0.9260173460483812, "avg_sensitivity": 0.8278753448945121, "avg_specificity": 0.9293946412485727, "auc_normal_vs_abnormal": 0.9586735185593127, "auc_few_vs_many": 0.9300900135335033, "class_Few_sensitivity": 0.9759229534510433, "class_Many_sensitivity": 0.6862745098039216, "class_None_sensitivity": 0.8214285714285714, "class_Few_specificity": 0.8136272545090181, "class_Many_specificity": 1.0, "class_None_specificity": 0.9745566692367, "class_Few_f1": 0.8874157424550178, "class_Many_f1": 0.813953488372093, "class_None_f1": 0.8914646673719393}
