{"fold": 1, "val_accuracy": 0.9862464183381089, "val_auc": 0.998506615811638, "val_f1": 0.9862170246247185, "avg_sensitivity": 0.9864085438161206, "avg_specificity": 0.9877686561184807, "auc_normal_vs_abnormal": 0.9984557208991289, "auc_few_vs_many": 1.0, "class_Few_sensitivity": 0.9927826784282278, "class_Many_sensitivity": 1.0, "class_None_sensitivity": 0.9664429530201343, "class_Few_specificity": 0.9698795180722891, "class_Many_specificity": 0.9988193624557261, "class_None_specificity": 0.9946070878274268, "class_Few_f1": 0.9811974647713987, "class_Many_f1": 0.9994093325457768, "class_None_f1": 0.9803227771171538}
