{"fold": 3, "val_accuracy": 0.9960380348652932, "val_auc": 0.9987128712871287, "val_f1": 0.9494949494949495, "avg_sensitivity": 0.9691749174917492, "avg_specificity": 0.9691749174917492, "class_Few_sensitivity": 0.9983498349834984, "class_Many_sensitivity": 0.94, "class_Few_specificity": 0.94, "class_Many_specificity": 0.9983498349834984, "class_Few_f1": 0.9682966696179254, "class_Many_f1": 0.9682966696179254}
