{"fold": 5, "val_accuracy": 0.9976228209191759, "val_auc": 0.9985478547854785, "val_f1": 0.9702970297029703, "avg_sensitivity": 0.9891749174917492, "avg_specificity": 0.9891749174917492, "class_Few_sensitivity": 0.9983498349834984, "class_Many_sensitivity": 0.98, "class_Few_specificity": 0.98, "class_Many_specificity": 0.9983498349834984, "class_Few_f1": 0.9890898171626852, "class_Many_f1": 0.9890898171626852}
