{"fold": 1, "val_accuracy": 0.9968329374505146, "val_auc": 0.9893224616579305, "val_f1": 0.9615384615384616, "avg_sensitivity": 0.9889584546689962, "avg_specificity": 0.9889584546689962, "class_Few_sensitivity": 0.9975247524752475, "class_Many_sensitivity": 0.9803921568627451, "class_Few_specificity": 0.9803921568627451, "class_Many_specificity": 0.9975247524752475, "class_Few_f1": 0.9888842539199568, "class_Many_f1": 0.9888842539199568}
