{"fold": 4, "val_accuracy": 0.9984276729559748, "val_auc": 0.99935764641647, "val_f1": 0.9807692307692307, "avg_sensitivity": 0.9991809991809992, "avg_specificity": 0.9991809991809992, "class_Few_sensitivity": 0.9983619983619983, "class_Many_sensitivity": 1.0, "class_Few_specificity": 1.0, "class_Many_specificity": 0.9983619983619983, "class_Few_f1": 0.9991803278688524, "class_Many_f1": 0.9991803278688524}
