{"val_accuracy": 0.997012083784867, "val_auc": 0.9961275450336778, "val_f1": 0.962982482863671, "avg_sensitivity": 0.9870141324359096, "avg_specificity": 0.9870141324359096, "class_Few_sensitivity": 0.9978714021267212, "class_Many_sensitivity": 0.976156862745098, "class_Few_specificity": 0.976156862745098, "class_Many_specificity": 0.9978714021267212, "class_Few_f1": 0.9868005166198615, "class_Many_f1": 0.9868005166198615}
