{"fold": 2, "val_accuracy": 0.9976415094339622, "val_auc": 0.9991649403414109, "val_f1": 0.9702970297029703, "avg_sensitivity": 0.9799826564532448, "avg_specificity": 0.9799826564532448, "class_Few_sensitivity": 0.9991809991809992, "class_Many_sensitivity": 0.9607843137254902, "class_Few_specificity": 0.9607843137254902, "class_Many_specificity": 0.9991809991809992, "class_Few_f1": 0.9796065514670338, "class_Many_f1": 0.9796065514670338}
