{"fold": 1, "val_accuracy": 0.9937106918238994, "val_auc": 0.9985924713584288, "val_f1": 0.9230769230769231, "avg_sensitivity": 0.977545008183306, "avg_specificity": 0.977545008183306, "class_Few_sensitivity": 0.9950900163666121, "class_Many_sensitivity": 0.96, "class_Few_specificity": 0.96, "class_Many_specificity": 0.9950900163666121, "class_Few_f1": 0.9772301098312349, "class_Many_f1": 0.9772301098312349}
