{"fold": 4, "val_accuracy": 0.9960380348652932, "val_auc": 0.9987953795379537, "val_f1": 0.9514563106796117, "avg_sensitivity": 0.9883498349834983, "avg_specificity": 0.9883498349834983, "class_Few_sensitivity": 0.9966996699669967, "class_Many_sensitivity": 0.98, "class_Few_specificity": 0.98, "class_Many_specificity": 0.9966996699669967, "class_Few_f1": 0.9882792934183724, "class_Many_f1": 0.9882792934183724}
