{"fold": 5, "val_accuracy": 0.996852871754524, "val_auc": 0.9835708435708437, "val_f1": 0.96, "avg_sensitivity": 0.9791809991809992, "avg_specificity": 0.9791809991809992, "class_Few_sensitivity": 0.9983619983619983, "class_Many_sensitivity": 0.96, "class_Few_specificity": 0.96, "class_Many_specificity": 0.9983619983619983, "class_Few_f1": 0.9788052660633332, "class_Many_f1": 0.9788052660633332}
