{"fold": 1, "val_accuracy": 0.9937106918238994, "val_auc": 0.9985924713584288, "val_f1": 0.9230769230769231, "avg_sensitivity": 0.977545008183306, "avg_specificity": 0.977545008183306, "class_Few_sensitivity": 0.9950900163666121, "class_Many_sensitivity": 0.96, "class_Few_specificity": 0.96, "class_Many_specificity": 0.9950900163666121, "class_Few_f1": 0.9772301098312349, "class_Many_f1": 0.9772301098312349}
{"fold": 2, "val_accuracy": 0.9976415094339622, "val_auc": 0.9991649403414109, "val_f1": 0.9702970297029703, "avg_sensitivity": 0.9799826564532448, "avg_specificity": 0.9799826564532448, "class_Few_sensitivity": 0.9991809991809992, "class_Many_sensitivity": 0.9607843137254902, "class_Few_specificity": 0.9607843137254902, "class_Many_specificity": 0.9991809991809992, "class_Few_f1": 0.9796065514670338, "class_Many_f1": 0.9796065514670338}
{"fold": 3, "val_accuracy": 0.9984276729559748, "val_auc": 0.9999518234812353, "val_f1": 0.9807692307692307, "avg_sensitivity": 0.9991809991809992, "avg_specificity": 0.9991809991809992, "class_Few_sensitivity": 0.9983619983619983, "class_Many_sensitivity": 1.0, "class_Few_specificity": 1.0, "class_Many_specificity": 0.9983619983619983, "class_Few_f1": 0.9991803278688524, "class_Many_f1": 0.9991803278688524}
{"fold": 4, "val_accuracy": 0.9984276729559748, "val_auc": 0.99935764641647, "val_f1": 0.9807692307692307, "avg_sensitivity": 0.9991809991809992, "avg_specificity": 0.9991809991809992, "class_Few_sensitivity": 0.9983619983619983, "class_Many_sensitivity": 1.0, "class_Few_specificity": 1.0, "class_Many_specificity": 0.9983619983619983, "class_Few_f1": 0.9991803278688524, "class_Many_f1": 0.9991803278688524}
{"fold": 5, "val_accuracy": 0.996852871754524, "val_auc": 0.9835708435708437, "val_f1": 0.96, "avg_sensitivity": 0.9791809991809992, "avg_specificity": 0.9791809991809992, "class_Few_sensitivity": 0.9983619983619983, "class_Many_sensitivity": 0.96, "class_Few_specificity": 0.96, "class_Many_specificity": 0.9983619983619983, "class_Few_f1": 0.9788052660633332, "class_Many_f1": 0.9788052660633332}
