{"val_accuracy": 0.9973063656200554, "val_auc": 0.9970757134536983, "val_f1": 0.9665573502831986, "avg_sensitivity": 0.9871316249271986, "avg_specificity": 0.9871316249271986, "class_Few_sensitivity": 0.9981848184818481, "class_Many_sensitivity": 0.9760784313725491, "class_Few_specificity": 0.9760784313725491, "class_Many_specificity": 0.9981848184818481, "class_Few_f1": 0.9869100068237879, "class_Many_f1": 0.9869100068237879}
