{"fold":1,"epoch":24,"train_loss":0.0560424046,"train_auc":0.8952220001,"train_f1":0.6522807412,"val_loss":0.927277247,"val_accuracy":0.6048109966,"val_auc":0.7318191592,"val_f1":0.6341104614,"avg_sensitivity":0.6175228938,"avg_specificity":0.7776945865,"class_Few_sensitivity":0.6009615385,"class_Many_sensitivity":0.64,"class_None_sensitivity":0.6116071429,"class_Few_specificity":0.7469879518,"class_Many_specificity":0.9327830189,"class_None_specificity":0.6533127889,"class_Few_f1":0.6660650595,"class_Many_f1":0.7591398494,"class_None_f1":0.6317724279}
{"fold":2,"epoch":30,"train_loss":0.0562465494,"train_auc":0.8978332997,"train_f1":0.6697154748,"val_loss":0.6166134748,"val_accuracy":0.7468499427,"val_auc":0.773506815,"val_f1":0.7481142081,"avg_sensitivity":0.6064117827,"avg_specificity":0.8027516059,"class_Few_sensitivity":0.8301282051,"class_Many_sensitivity":0.44,"class_None_sensitivity":0.5491071429,"class_Few_specificity":0.578313253,"class_Many_specificity":0.9716981132,"class_None_specificity":0.8582434515,"class_Few_f1":0.6817097579,"class_Many_f1":0.6057203956,"class_None_f1":0.6697231115}
{"fold":3,"epoch":29,"train_loss":0.0471188073,"train_auc":0.9052384969,"train_f1":0.6824260085,"val_loss":0.7958026762,"val_accuracy":0.6517754868,"val_auc":0.7774869784,"val_f1":0.6734232405,"avg_sensitivity":0.6233112627,"avg_specificity":0.8068176282,"class_Few_sensitivity":0.6243980738,"class_Many_sensitivity":0.5,"class_None_sensitivity":0.7455357143,"class_Few_specificity":0.804,"class_Many_specificity":0.9693034238,"class_None_specificity":0.6471494607,"class_Few_f1":0.7029077686,"class_Many_f1":0.6597026918,"class_None_f1":0.6928673387}
{"fold":4,"epoch":18,"train_loss":0.0625260521,"train_auc":0.8866193002,"train_f1":0.628717432,"val_loss":0.9654381662,"val_accuracy":0.5303550974,"val_auc":0.7340958743,"val_f1":0.5604182829,"avg_sensitivity":0.5825899288,"avg_specificity":0.7625760844,"class_Few_sensitivity":0.4654895666,"class_Many_sensitivity":0.5769230769,"class_None_sensitivity":0.7053571429,"class_Few_specificity":0.828,"class_Many_specificity":0.9173553719,"class_None_specificity":0.5423728814,"class_Few_f1":0.59594661,"class_Many_f1":0.7083599234,"class_None_f1":0.6132201334}
{"fold":5,"epoch":22,"train_loss":0.0678419597,"train_auc":0.8768613215,"train_f1":0.6193431786,"val_loss":0.8852889219,"val_accuracy":0.619266055,"val_auc":0.7299065976,"val_f1":0.6512936589,"avg_sensitivity":0.6423137921,"avg_specificity":0.7827290029,"class_Few_sensitivity":0.6356340289,"class_Many_sensitivity":0.7307692308,"class_None_sensitivity":0.5605381166,"class_Few_specificity":0.718875502,"class_Many_specificity":0.8912529551,"class_None_specificity":0.7380585516,"class_Few_f1":0.6746969603,"class_Many_f1":0.8030719211,"class_None_f1":0.6371646572}
{"fold":6,"epoch":28,"train_loss":0.0539509497,"train_auc":0.9077113739,"train_f1":0.6869786255,"val_loss":0.7383280372,"val_accuracy":0.6766055046,"val_auc":0.7903844757,"val_f1":0.6954664782,"avg_sensitivity":0.632591523,"avg_specificity":0.8059448231,"class_Few_sensitivity":0.6821829856,"class_Many_sensitivity":0.5384615385,"class_None_sensitivity":0.6771300448,"class_Few_specificity":0.7429718876,"class_Many_specificity":0.9645390071,"class_None_specificity":0.7103235747,"class_Few_f1":0.7112809843,"class_Many_f1":0.691107078,"class_None_f1":0.6933297477}
{"fold":7,"epoch":24,"train_loss":0.059193953,"train_auc":0.8850908833,"train_f1":0.6296945246,"val_loss":0.8263211925,"val_accuracy":0.6318807339,"val_auc":0.7267677452,"val_f1":0.6604865597,"avg_sensitivity":0.6775688412,"avg_specificity":0.783428256,"class_Few_sensitivity":0.6420545746,"class_Many_sensitivity":0.8076923077,"class_None_sensitivity":0.5829596413,"class_Few_specificity":0.6947791165,"class_Many_specificity":0.8912529551,"class_None_specificity":0.7642526965,"class_Few_f1":0.6673771211,"class_Many_f1":0.8474177147,"class_None_f1":0.6614079537}
{"fold":8,"epoch":26,"train_loss":0.0518557157,"train_auc":0.9042114566,"train_f1":0.6770618679,"val_loss":0.7816206289,"val_accuracy":0.6467889908,"val_auc":0.7364142086,"val_f1":0.6648506002,"avg_sensitivity":0.5825927318,"avg_specificity":0.7746542015,"class_Few_sensitivity":0.6629213483,"class_Many_sensitivity":0.4615384615,"class_None_sensitivity":0.6233183857,"class_Few_specificity":0.6626506024,"class_Many_specificity":0.9787234043,"class_None_specificity":0.6825885978,"class_Few_f1":0.6627859477,"class_Many_f1":0.6272727273,"class_None_f1":0.6516084656}
{"fold":9,"epoch":25,"train_loss":0.0551274373,"train_auc":0.9085182288,"train_f1":0.6883511528,"val_loss":0.6084696189,"val_accuracy":0.7568807339,"val_auc":0.7588322519,"val_f1":0.7312493686,"avg_sensitivity":0.5023515249,"avg_specificity":0.7675889326,"class_Few_sensitivity":0.9277688604,"class_Many_sensitivity":0.24,"class_None_sensitivity":0.3392857143,"class_Few_specificity":0.3895582329,"class_Many_specificity":0.9811097993,"class_None_specificity":0.9320987654,"class_Few_f1":0.5487171708,"class_Many_f1":0.3856595893,"class_None_f1":0.4974856945}
{"fold":10,"epoch":28,"train_loss":0.055188576,"train_auc":0.9002041108,"train_f1":0.6663055586,"val_loss":0.8189849137,"val_accuracy":0.5963302752,"val_auc":0.7268456235,"val_f1":0.6235667525,"avg_sensitivity":0.5130838684,"avg_specificity":0.7631298365,"class_Few_sensitivity":0.5987158909,"class_Many_sensitivity":0.32,"class_None_sensitivity":0.6205357143,"class_Few_specificity":0.702811245,"class_Many_specificity":0.9492325856,"class_None_specificity":0.637345679,"class_Few_f1":0.6466008261,"class_Many_f1":0.4786426552,"class_None_f1":0.6288283749}
