{"fold": 2, "val_accuracy": 0.9810888252148997, "val_auc": 0.9785507226456343, "val_f1": 0.9811134544498447, "avg_sensitivity": 0.9844811739076095, "avg_specificity": 0.9858099143283022, "class_Few_sensitivity": 0.9847634322373697, "class_Many_sensitivity": 1.0, "class_None_sensitivity": 0.9686800894854586, "class_Few_specificity": 0.9718875502008032, "class_Many_specificity": 0.999409681227863, "class_None_specificity": 0.9861325115562404, "class_Few_f1": 0.9782831258867641, "class_Many_f1": 0.9997047534691467, "class_None_f1": 0.9773283935552471}
