{"overall_accuracy": 0.973062815222375, "overall_auc": 0.9648168099733369, "overall_f1": 0.9729594701058822, "overall_avg_sensitivity": 0.9569501069460488, "overall_avg_specificity": 0.9759583609434737, "overall_class_Few_sensitivity": 0.9863607188703466, "overall_class_Many_sensitivity": 0.9453125, "overall_class_None_sensitivity": 0.9391771019677997, "overall_class_Few_specificity": 0.9414125200642055, "overall_class_Many_specificity": 0.9994095418044402, "overall_class_None_specificity": 0.9870530209617756, "overall_class_Few_f1": 0.9633626105913584, "overall_class_Many_f1": 0.9716086023382602, "overall_class_None_f1": 0.9625200900768334}
