{"fold": 5, "val_accuracy": 0.9850917431192661, "val_auc": 0.9783930511361654, "val_f1": 0.985024486926149, "avg_sensitivity": 0.9839588098769155, "avg_specificity": 0.9855435539884093, "class_Few_sensitivity": 0.9943820224719101, "class_Many_sensitivity": 1.0, "class_None_sensitivity": 0.9574944071588367, "class_Few_specificity": 0.9618473895582329, "class_Many_specificity": 0.9994093325457767, "class_None_specificity": 0.9953739398612182, "class_Few_f1": 0.9778441594390108, "class_Many_f1": 0.9997045790251108, "class_None_f1": 0.9760668013315751}
