{"fold": 4, "val_accuracy": 0.929512893982808, "val_auc": 0.9044279112720284, "val_f1": 0.9279994560111025, "avg_sensitivity": 0.8421678128180111, "avg_specificity": 0.9318096485955721, "class_Few_sensitivity": 0.9751203852327448, "class_Many_sensitivity": 0.7254901960784313, "class_None_sensitivity": 0.8258928571428571, "class_Few_specificity": 0.8216432865731463, "class_Many_specificity": 1.0, "class_None_specificity": 0.9737856592135697, "class_Few_f1": 0.8918269338358047, "class_Many_f1": 0.8409090909090908, "class_None_f1": 0.8937625392793823}
