{"fold": 2, "val_accuracy": 0.9833810888252149, "val_auc": 0.9843280502827899, "val_f1": 0.9834249328325508, "avg_sensitivity": 0.9874640225280419, "avg_specificity": 0.9884872904996542, "class_Few_sensitivity": 0.9847634322373697, "class_Many_sensitivity": 1.0, "class_None_sensitivity": 0.9776286353467561, "class_Few_specificity": 0.9799196787148594, "class_Many_specificity": 0.999409681227863, "class_None_specificity": 0.9861325115562404, "class_Few_f1": 0.9823355845518327, "class_Many_f1": 0.9997047534691467, "class_None_f1": 0.9818621608480358}
