{"fold": 3, "val_accuracy": 0.9799426934097422, "val_auc": 0.9819042830009935, "val_f1": 0.9800010050562077, "avg_sensitivity": 0.9844202417160716, "avg_specificity": 0.9862571936506264, "class_Few_sensitivity": 0.9823434991974318, "class_Many_sensitivity": 1.0, "class_None_sensitivity": 0.970917225950783, "class_Few_specificity": 0.9759519038076152, "class_Many_specificity": 0.9982279976373302, "class_None_specificity": 0.9845916795069337, "class_Few_f1": 0.9791372708771019, "class_Many_f1": 0.9991132131244458, "class_None_f1": 0.9777066414712523}
