{"fold": 5, "val_accuracy": 0.9873853211009175, "val_auc": 0.9877673421895939, "val_f1": 0.9873677129626097, "avg_sensitivity": 0.9878980373286987, "avg_specificity": 0.9891057257529862, "class_Few_sensitivity": 0.992776886035313, "class_Many_sensitivity": 1.0, "class_None_sensitivity": 0.970917225950783, "class_Few_specificity": 0.9738955823293173, "class_Many_specificity": 0.9988186650915535, "class_None_specificity": 0.9946029298380878, "class_Few_f1": 0.9832455979336838, "class_Many_f1": 0.9994089834515367, "class_None_f1": 0.9826173643824461}
