{"fold": 1, "val_accuracy": 0.9868194842406877, "val_auc": 0.9864984327932522, "val_f1": 0.986804580075081, "avg_sensitivity": 0.9876326599199751, "avg_specificity": 0.9888505388626055, "class_Few_sensitivity": 0.991980753809142, "class_Many_sensitivity": 1.0, "class_None_sensitivity": 0.970917225950783, "class_Few_specificity": 0.9738955823293173, "class_Many_specificity": 0.9988193624557261, "class_None_specificity": 0.9938366718027735, "class_Few_f1": 0.9828549803779588, "class_Many_f1": 0.9994093325457768, "class_None_f1": 0.982243267758048}
{"fold": 1, "val_accuracy": 0.9868194842406877, "val_auc": 0.9864984327932522, "val_f1": 0.986804580075081, "avg_sensitivity": 0.9876326599199751, "avg_specificity": 0.9888505388626055, "class_Few_sensitivity": 0.991980753809142, "class_Many_sensitivity": 1.0, "class_None_sensitivity": 0.970917225950783, "class_Few_specificity": 0.9738955823293173, "class_Many_specificity": 0.9988193624557261, "class_None_specificity": 0.9938366718027735, "class_Few_f1": 0.9828549803779588, "class_Many_f1": 0.9994093325457768, "class_None_f1": 0.982243267758048}
