{"fold": 1, "val_accuracy": 0.9868194842406877, "val_auc": 0.9864984327932522, "val_f1": 0.986804580075081, "avg_sensitivity": 0.9876326599199751, "avg_specificity": 0.9888505388626055, "class_Few_sensitivity": 0.991980753809142, "class_Many_sensitivity": 1.0, "class_None_sensitivity": 0.970917225950783, "class_Few_specificity": 0.9738955823293173, "class_Many_specificity": 0.9988193624557261, "class_None_specificity": 0.9938366718027735, "class_Few_f1": 0.9828549803779588, "class_Many_f1": 0.9994093325457768, "class_None_f1": 0.982243267758048}
{"fold": 2, "val_accuracy": 0.9833810888252149, "val_auc": 0.9843280502827899, "val_f1": 0.9834249328325508, "avg_sensitivity": 0.9874640225280419, "avg_specificity": 0.9884872904996542, "class_Few_sensitivity": 0.9847634322373697, "class_Many_sensitivity": 1.0, "class_None_sensitivity": 0.9776286353467561, "class_Few_specificity": 0.9799196787148594, "class_Many_specificity": 0.999409681227863, "class_None_specificity": 0.9861325115562404, "class_Few_f1": 0.9823355845518327, "class_Many_f1": 0.9997047534691467, "class_None_f1": 0.9818621608480358}
{"fold": 3, "val_accuracy": 0.9799426934097422, "val_auc": 0.9819042830009935, "val_f1": 0.9800010050562077, "avg_sensitivity": 0.9844202417160716, "avg_specificity": 0.9862571936506264, "class_Few_sensitivity": 0.9823434991974318, "class_Many_sensitivity": 1.0, "class_None_sensitivity": 0.970917225950783, "class_Few_specificity": 0.9759519038076152, "class_Many_specificity": 0.9982279976373302, "class_None_specificity": 0.9845916795069337, "class_Few_f1": 0.9791372708771019, "class_Many_f1": 0.9991132131244458, "class_None_f1": 0.9777066414712523}
{"fold": 4, "val_accuracy": 0.929512893982808, "val_auc": 0.9044279112720284, "val_f1": 0.9279994560111025, "avg_sensitivity": 0.8421678128180111, "avg_specificity": 0.9318096485955721, "class_Few_sensitivity": 0.9751203852327448, "class_Many_sensitivity": 0.7254901960784313, "class_None_sensitivity": 0.8258928571428571, "class_Few_specificity": 0.8216432865731463, "class_Many_specificity": 1.0, "class_None_specificity": 0.9737856592135697, "class_Few_f1": 0.8918269338358047, "class_Many_f1": 0.8409090909090908, "class_None_f1": 0.8937625392793823}
{"fold": 5, "val_accuracy": 0.9873853211009175, "val_auc": 0.9877673421895939, "val_f1": 0.9873677129626097, "avg_sensitivity": 0.9878980373286987, "avg_specificity": 0.9891057257529862, "class_Few_sensitivity": 0.992776886035313, "class_Many_sensitivity": 1.0, "class_None_sensitivity": 0.970917225950783, "class_Few_specificity": 0.9738955823293173, "class_Many_specificity": 0.9988186650915535, "class_None_specificity": 0.9946029298380878, "class_Few_f1": 0.9832455979336838, "class_Many_f1": 0.9994089834515367, "class_None_f1": 0.9826173643824461}
