{"overall_accuracy": 0.973406694176983, "overall_auc": 0.9664607149395926, "overall_f1": 0.9733290974207415, "overall_avg_sensitivity": 0.9579708642584143, "overall_avg_specificity": 0.9768899909289738, "overall_class_Few_sensitivity": 0.985397946084724, "overall_class_Many_sensitivity": 0.9453125, "overall_class_None_sensitivity": 0.9432021466905188, "overall_class_Few_specificity": 0.945024077046549, "overall_class_Many_specificity": 0.9990552668871044, "overall_class_None_specificity": 0.9865906288532675, "overall_class_Few_f1": 0.9647888113209284, "overall_class_Many_f1": 0.9714411522993033, "overall_class_None_f1": 0.9644086254566215}
