{"fold": 2, "val_accuracy": 0.9736389684813753, "val_auc": 0.9949078430764245, "val_f1": 0.9484304932735426, "avg_sensitivity": 0.964679786144921, "avg_specificity": 0.964679786144921, "class_Normal_sensitivity": 0.9830508474576272, "class_Abnormal_sensitivity": 0.9463087248322147, "class_Normal_specificity": 0.9463087248322147, "class_Abnormal_specificity": 0.9830508474576272, "class_Normal_f1": 0.9643299333765698, "class_Abnormal_f1": 0.9643299333765698}
