{"fold": 5, "val_accuracy": 0.9782110091743119, "val_auc": 0.9905469341571239, "val_f1": 0.9573991031390134, "avg_sensitivity": 0.9706895451385835, "avg_specificity": 0.9706895451385835, "class_Normal_sensitivity": 0.9861218195836546, "class_Abnormal_sensitivity": 0.9552572706935123, "class_Normal_specificity": 0.9552572706935123, "class_Abnormal_specificity": 0.9861218195836546, "class_Normal_f1": 0.9704441988321967, "class_Abnormal_f1": 0.9704441988321967}
{"fold": 5, "val_accuracy": 0.9782110091743119, "val_auc": 0.9905469341571239, "val_f1": 0.9573991031390134, "avg_sensitivity": 0.9706895451385835, "avg_specificity": 0.9706895451385835, "class_Abormal_sensitivity": 0.9861218195836546, "class_Normal_sensitivity": 0.9552572706935123, "class_Abormal_specificity": 0.9552572706935123, "class_Normal_specificity": 0.9861218195836546, "class_Abormal_f1": 0.9704441988321967, "class_Normal_f1": 0.9704441988321967}
