{"val_accuracy": 0.9754702820640887, "val_auc": 0.9928910932011406, "val_f1": 0.9517574228946266, "avg_sensitivity": 0.9653390459990957, "avg_specificity": 0.9653390459990957, "class_Abormal_sensitivity": 0.9861281159675107, "class_Normal_sensitivity": 0.9445499760306808, "class_Abormal_specificity": 0.9445499760306808, "class_Normal_specificity": 0.9861281159675107, "class_Abormal_f1": 0.9648277005961476, "class_Normal_f1": 0.9648277005961476}
