{"fold": 3, "val_accuracy": 0.9782234957020057, "val_auc": 0.9957049737507023, "val_f1": 0.9576837416481069, "avg_sensitivity": 0.9728949717858829, "avg_specificity": 0.9728949717858829, "class_Normal_sensitivity": 0.9838212634822804, "class_Abnormal_sensitivity": 0.9619686800894854, "class_Normal_specificity": 0.9619686800894854, "class_Abnormal_specificity": 0.9838212634822804, "class_Normal_f1": 0.9727722618801923, "class_Abnormal_f1": 0.9727722618801923}
