{"fold": 4, "val_accuracy": 0.9713467048710601, "val_auc": 0.9916780826632889, "val_f1": 0.9434389140271493, "avg_sensitivity": 0.9580771904945478, "avg_specificity": 0.9580771904945478, "class_Normal_sensitivity": 0.9853508095605242, "class_Abnormal_sensitivity": 0.9308035714285714, "class_Normal_specificity": 0.9308035714285714, "class_Abnormal_specificity": 0.9853508095605242, "class_Normal_f1": 0.9573007913647742, "class_Abnormal_f1": 0.9573007913647742}
