{"fold": 1, "val_accuracy": 0.9759312320916905, "val_auc": 0.9916176323581625, "val_f1": 0.9518348623853211, "avg_sensitivity": 0.9603537364315433, "avg_specificity": 0.9603537364315433, "class_Normal_sensitivity": 0.9922958397534669, "class_Abnormal_sensitivity": 0.9284116331096197, "class_Normal_specificity": 0.9284116331096197, "class_Abnormal_specificity": 0.9922958397534669, "class_Normal_f1": 0.9592913175270055, "class_Abnormal_f1": 0.9592913175270055}
