{"fold": 1, "val_accuracy": 0.9879656160458453, "val_auc": 0.9867475677519018, "val_f1": 0.9879612895691304, "avg_sensitivity": 0.9891240842301913, "avg_specificity": 0.9900691621132708, "class_Few_sensitivity": 0.991980753809142, "class_Many_sensitivity": 1.0, "class_None_sensitivity": 0.9753914988814317, "class_Few_specificity": 0.9779116465863453, "class_Many_specificity": 1.0, "class_None_specificity": 0.9922958397534669, "class_Few_f1": 0.9848959589312646, "class_Many_f1": 1.0, "class_None_f1": 0.9837710569834908}
{"fold": 2, "val_accuracy": 0.9862464183381089, "val_auc": 0.9887170009884302, "val_f1": 0.9862601941541317, "avg_sensitivity": 0.9888005635598516, "avg_specificity": 0.9897713172074099, "class_Few_sensitivity": 0.9887730553327987, "class_Many_sensitivity": 1.0, "class_None_sensitivity": 0.9776286353467561, "class_Few_specificity": 0.9799196787148594, "class_Many_specificity": 0.999409681227863, "class_None_specificity": 0.9899845916795069, "class_Few_f1": 0.9843264598346106, "class_Many_f1": 0.9997047534691467, "class_None_f1": 0.9837678178659993}
{"fold": 3, "val_accuracy": 0.9839541547277937, "val_auc": 0.9868029408515265, "val_f1": 0.9839642866065287, "avg_sensitivity": 0.9862929008921015, "avg_specificity": 0.9879949148513406, "class_Few_sensitivity": 0.9879614767255217, "class_Many_sensitivity": 1.0, "class_None_sensitivity": 0.970917225950783, "class_Few_specificity": 0.9759519038076152, "class_Many_specificity": 0.9988186650915535, "class_None_specificity": 0.9892141756548536, "class_Few_f1": 0.9819199702556198, "class_Many_f1": 0.9994089834515367, "class_None_f1": 0.9799803038829488}
{"fold": 4, "val_accuracy": 0.932378223495702, "val_auc": 0.9063560875752, "val_f1": 0.9307289258679992, "avg_sensitivity": 0.8377135264218047, "avg_specificity": 0.932683665969822, "class_Few_sensitivity": 0.9791332263242376, "class_Many_sensitivity": 0.7058823529411765, "class_None_sensitivity": 0.828125, "class_Few_specificity": 0.8196392785571143, "class_Many_specificity": 1.0, "class_None_specificity": 0.9784117193523516, "class_Few_f1": 0.8923152305895776, "class_Many_f1": 0.8275862068965517, "class_None_f1": 0.8970171449148756}
{"fold": 5, "val_accuracy": 0.9850917431192661, "val_auc": 0.9840332182428795, "val_f1": 0.9850558671007884, "avg_sensitivity": 0.9853933781239413, "avg_specificity": 0.986780576093793, "class_Few_sensitivity": 0.9919743178170144, "class_Many_sensitivity": 1.0, "class_None_sensitivity": 0.9642058165548099, "class_Few_specificity": 0.9678714859437751, "class_Many_specificity": 0.9994093325457767, "class_None_specificity": 0.9930609097918273, "class_Few_f1": 0.979774689581449, "class_Many_f1": 0.9997045790251108, "class_None_f1": 0.9784206644147616}
