{"fold": 1, "val_accuracy": 1.0, "val_auc": 1.0, "val_f1": 1.0, "avg_sensitivity": 1.0, "avg_specificity": 1.0, "class_Few_sensitivity": 1.0, "class_Many_sensitivity": 1.0, "class_Few_specificity": 1.0, "class_Many_specificity": 1.0, "class_Few_f1": 1.0, "class_Many_f1": 1.0}
{"fold": 2, "val_accuracy": 0.9992295839753467, "val_auc": 0.999984275987861, "val_f1": 0.9902912621359223, "avg_sensitivity": 0.9995990376904571, "avg_specificity": 0.9995990376904571, "class_Few_sensitivity": 0.9991980753809142, "class_Many_sensitivity": 1.0, "class_Few_specificity": 1.0, "class_Many_specificity": 0.9991980753809142, "class_Few_f1": 0.9995988768551946, "class_Many_f1": 0.9995988768551946}
{"fold": 3, "val_accuracy": 0.9992295839753467, "val_auc": 1.0, "val_f1": 0.9904761904761905, "avg_sensitivity": 0.9995987158908507, "avg_specificity": 0.9995987158908507, "class_Few_sensitivity": 0.9991974317817014, "class_Many_sensitivity": 1.0, "class_Few_specificity": 1.0, "class_Many_specificity": 0.9991974317817014, "class_Few_f1": 0.9995985547972701, "class_Many_f1": 0.9995985547972701}
{"fold": 4, "val_accuracy": 0.9884348496530455, "val_auc": 0.9572435715859376, "val_f1": 0.8275862068965517, "avg_sensitivity": 0.8529411764705883, "avg_specificity": 0.8529411764705883, "class_Few_sensitivity": 1.0, "class_Many_sensitivity": 0.7058823529411765, "class_Few_specificity": 0.7058823529411765, "class_Many_specificity": 1.0, "class_Few_f1": 0.8275862068965517, "class_Many_f1": 0.8275862068965517}
{"fold": 5, "val_accuracy": 0.9992289899768697, "val_auc": 1.0, "val_f1": 0.9902912621359223, "avg_sensitivity": 0.9995987158908507, "avg_specificity": 0.9995987158908507, "class_Few_sensitivity": 0.9991974317817014, "class_Many_sensitivity": 1.0, "class_Few_specificity": 1.0, "class_Many_specificity": 0.9991974317817014, "class_Few_f1": 0.9995985547972701, "class_Many_f1": 0.9995985547972701}
