{"fold": 1, "val_accuracy": 0.974785100286533, "val_auc": 0.9871959269638715, "val_f1": 0.9496567505720824, "avg_sensitivity": 0.95958332040689, "avg_specificity": 0.95958332040689, "class_Abormal_sensitivity": 0.9907550077041603, "class_Normal_sensitivity": 0.9284116331096197, "class_Abormal_specificity": 0.9284116331096197, "class_Normal_specificity": 0.9907550077041603, "class_Abormal_f1": 0.958570720387387, "class_Normal_f1": 0.958570720387387}
{"fold": 2, "val_accuracy": 0.9736389684813753, "val_auc": 0.9897545009875802, "val_f1": 0.9483146067415731, "avg_sensitivity": 0.9639464259245853, "avg_specificity": 0.9639464259245853, "class_Abormal_sensitivity": 0.9838212634822804, "class_Normal_sensitivity": 0.9440715883668904, "class_Abormal_specificity": 0.9440715883668904, "class_Normal_specificity": 0.9838212634822804, "class_Abormal_f1": 0.9635366426033123, "class_Normal_f1": 0.9635366426033123}
{"fold": 3, "val_accuracy": 0.9759312320916905, "val_auc": 0.9910842011285647, "val_f1": 0.9527027027027027, "avg_sensitivity": 0.9662206181942276, "avg_specificity": 0.9662206181942276, "class_Abormal_sensitivity": 0.9861325115562404, "class_Normal_sensitivity": 0.9463087248322147, "class_Abormal_specificity": 0.9463087248322147, "class_Normal_specificity": 0.9861325115562404, "class_Abormal_f1": 0.9658102735071092, "class_Normal_f1": 0.9658102735071092}
{"fold": 4, "val_accuracy": 0.9742120343839542, "val_auc": 0.985994465249477, "val_f1": 0.9488054607508533, "avg_sensitivity": 0.9600047155523737, "avg_specificity": 0.9600047155523737, "class_Abormal_sensitivity": 0.9892058596761758, "class_Normal_sensitivity": 0.9308035714285714, "class_Abormal_specificity": 0.9308035714285714, "class_Normal_specificity": 0.9892058596761758, "class_Abormal_f1": 0.9591164836465038, "class_Normal_f1": 0.9591164836465038}
{"fold": 5, "val_accuracy": 0.9787844036697247, "val_auc": 0.9898466431741465, "val_f1": 0.9582863585118376, "avg_sensitivity": 0.9696089237079546, "avg_specificity": 0.9696089237079546, "class_Abormal_sensitivity": 0.9884348496530455, "class_Normal_sensitivity": 0.9507829977628636, "class_Abormal_specificity": 0.9507829977628636, "class_Normal_specificity": 0.9884348496530455, "class_Abormal_f1": 0.9692433995476212, "class_Normal_f1": 0.9692433995476212}
