{"fold": 4, "val_accuracy": 0.9742120343839542, "val_auc": 0.985994465249477, "val_f1": 0.9488054607508533, "avg_sensitivity": 0.9600047155523737, "avg_specificity": 0.9600047155523737, "class_Abormal_sensitivity": 0.9892058596761758, "class_Normal_sensitivity": 0.9308035714285714, "class_Abormal_specificity": 0.9308035714285714, "class_Normal_specificity": 0.9892058596761758, "class_Abormal_f1": 0.9591164836465038, "class_Normal_f1": 0.9591164836465038}
