{"fold": 5, "val_accuracy": 0.9787844036697247, "val_auc": 0.9898466431741465, "val_f1": 0.9582863585118376, "avg_sensitivity": 0.9696089237079546, "avg_specificity": 0.9696089237079546, "class_Abormal_sensitivity": 0.9884348496530455, "class_Normal_sensitivity": 0.9507829977628636, "class_Abormal_specificity": 0.9507829977628636, "class_Normal_specificity": 0.9884348496530455, "class_Abormal_f1": 0.9692433995476212, "class_Normal_f1": 0.9692433995476212}
