{"fold": 1, "val_accuracy": 0.974785100286533, "val_auc": 0.9871959269638715, "val_f1": 0.9496567505720824, "avg_sensitivity": 0.95958332040689, "avg_specificity": 0.95958332040689, "class_Abormal_sensitivity": 0.9907550077041603, "class_Normal_sensitivity": 0.9284116331096197, "class_Abormal_specificity": 0.9284116331096197, "class_Normal_specificity": 0.9907550077041603, "class_Abormal_f1": 0.958570720387387, "class_Normal_f1": 0.958570720387387}
{"fold": 1, "val_accuracy": 0.974785100286533, "val_auc": 0.9871959269638715, "val_f1": 0.9496567505720824, "avg_sensitivity": 0.95958332040689, "avg_specificity": 0.95958332040689, "class_Abormal_sensitivity": 0.9907550077041603, "class_Normal_sensitivity": 0.9284116331096197, "class_Abormal_specificity": 0.9284116331096197, "class_Normal_specificity": 0.9907550077041603, "class_Abormal_f1": 0.958570720387387, "class_Normal_f1": 0.958570720387387}
