{"val_accuracy": 0.9754703477826554, "val_auc": 0.9887751475007279, "val_f1": 0.9515531758558098, "avg_sensitivity": 0.9638728007572063, "avg_specificity": 0.9638728007572063, "class_Abormal_sensitivity": 0.9876698984143804, "class_Normal_sensitivity": 0.940075703100032, "class_Abormal_specificity": 0.940075703100032, "class_Normal_specificity": 0.9876698984143804, "class_Abormal_f1": 0.9632555039383867, "class_Normal_f1": 0.9632555039383867}
