{"fold": 2, "val_accuracy": 0.9736389684813753, "val_auc": 0.9897545009875802, "val_f1": 0.9483146067415731, "avg_sensitivity": 0.9639464259245853, "avg_specificity": 0.9639464259245853, "class_Abormal_sensitivity": 0.9838212634822804, "class_Normal_sensitivity": 0.9440715883668904, "class_Abormal_specificity": 0.9440715883668904, "class_Normal_specificity": 0.9838212634822804, "class_Abormal_f1": 0.9635366426033123, "class_Normal_f1": 0.9635366426033123}
{"fold": 2, "val_accuracy": 0.9736389684813753, "val_auc": 0.9897545009875802, "val_f1": 0.9483146067415731, "avg_sensitivity": 0.9639464259245853, "avg_specificity": 0.9639464259245853, "class_Abormal_sensitivity": 0.9838212634822804, "class_Normal_sensitivity": 0.9440715883668904, "class_Abormal_specificity": 0.9440715883668904, "class_Normal_specificity": 0.9838212634822804, "class_Abormal_f1": 0.9635366426033123, "class_Normal_f1": 0.9635366426033123}
