{"fold": 3, "val_accuracy": 0.9759312320916905, "val_auc": 0.9910842011285647, "val_f1": 0.9527027027027027, "avg_sensitivity": 0.9662206181942276, "avg_specificity": 0.9662206181942276, "class_Abormal_sensitivity": 0.9861325115562404, "class_Normal_sensitivity": 0.9463087248322147, "class_Abormal_specificity": 0.9463087248322147, "class_Normal_specificity": 0.9861325115562404, "class_Abormal_f1": 0.9658102735071092, "class_Normal_f1": 0.9658102735071092}
{"fold": 3, "val_accuracy": 0.9759312320916905, "val_auc": 0.9910842011285647, "val_f1": 0.9527027027027027, "avg_sensitivity": 0.9662206181942276, "avg_specificity": 0.9662206181942276, "class_Abormal_sensitivity": 0.9861325115562404, "class_Normal_sensitivity": 0.9463087248322147, "class_Abormal_specificity": 0.9463087248322147, "class_Normal_specificity": 0.9861325115562404, "class_Abormal_f1": 0.9658102735071092, "class_Normal_f1": 0.9658102735071092}
