{"fold": 2, "val_accuracy": 0.9968992248062015, "val_auc": 0.9882574498726044, "val_f1": 0.9607843137254902, "avg_sensitivity": 0.9795850543607274, "avg_specificity": 0.9795850543607274, "class_Few_sensitivity": 0.9983857949959645, "class_Many_sensitivity": 0.9607843137254902, "class_Few_specificity": 0.9607843137254902, "class_Many_specificity": 0.9983857949959645, "class_Few_f1": 0.9792242201004863, "class_Many_f1": 0.9792242201004863}
