{"val_accuracy": 0.997829216807693, "val_auc": 0.9953120954596528, "val_f1": 0.9722712967575269, "avg_sensitivity": 0.9818317428666383, "avg_specificity": 0.9818317428666383, "class_Few_sensitivity": 0.9991928974979822, "class_Many_sensitivity": 0.9644705882352941, "class_Few_specificity": 0.9644705882352941, "class_Many_specificity": 0.9991928974979822, "class_Few_f1": 0.9815103073229583, "class_Many_f1": 0.9815103073229583}
