{"fold": 1, "val_accuracy": 1.0, "val_auc": 1.0, "val_f1": 1.0, "avg_sensitivity": 1.0, "avg_specificity": 1.0, "class_Few_sensitivity": 1.0, "class_Many_sensitivity": 1.0, "class_Few_specificity": 1.0, "class_Many_specificity": 1.0, "class_Few_f1": 1.0, "class_Many_f1": 1.0}
{"fold": 2, "val_accuracy": 0.9976744186046511, "val_auc": 0.9969456709237368, "val_f1": 0.9702970297029703, "avg_sensitivity": 0.9799886056117362, "avg_specificity": 0.9799886056117362, "class_Few_sensitivity": 0.9991928974979822, "class_Many_sensitivity": 0.9607843137254902, "class_Few_specificity": 0.9607843137254902, "class_Many_specificity": 0.9991928974979822, "class_Few_f1": 0.9796122697801356, "class_Many_f1": 0.9796122697801356}
{"fold": 3, "val_accuracy": 0.9968992248062015, "val_auc": 0.9993115890423966, "val_f1": 0.9607843137254902, "avg_sensitivity": 0.9795850543607274, "avg_specificity": 0.9795850543607274, "class_Few_sensitivity": 0.9983857949959645, "class_Many_sensitivity": 0.9607843137254902, "class_Few_specificity": 0.9607843137254902, "class_Many_specificity": 0.9983857949959645, "class_Few_f1": 0.9792242201004863, "class_Many_f1": 0.9792242201004863}
{"fold": 4, "val_accuracy": 0.9976744186046511, "val_auc": 0.9883682286473912, "val_f1": 0.9702970297029703, "avg_sensitivity": 0.9799886056117362, "avg_specificity": 0.9799886056117362, "class_Few_sensitivity": 0.9991928974979822, "class_Many_sensitivity": 0.9607843137254902, "class_Few_specificity": 0.9607843137254902, "class_Many_specificity": 0.9991928974979822, "class_Few_f1": 0.9796122697801356, "class_Many_f1": 0.9796122697801356}
{"fold": 5, "val_accuracy": 0.9984484096198604, "val_auc": 0.9998708635996771, "val_f1": 0.9795918367346939, "avg_sensitivity": 0.98, "avg_specificity": 0.98, "class_Few_sensitivity": 1.0, "class_Many_sensitivity": 0.96, "class_Few_specificity": 0.96, "class_Many_specificity": 1.0, "class_Few_f1": 0.9795918367346939, "class_Many_f1": 0.9795918367346939}
