{"fold": 1, "val_accuracy": 0.9759312320916905, "val_auc": 0.9916176323581625, "val_f1": 0.9518348623853211, "avg_sensitivity": 0.9603537364315433, "avg_specificity": 0.9603537364315433, "class_Abormal_sensitivity": 0.9922958397534669, "class_Normal_sensitivity": 0.9284116331096197, "class_Abormal_specificity": 0.9284116331096197, "class_Normal_specificity": 0.9922958397534669, "class_Abormal_f1": 0.9592913175270055, "class_Normal_f1": 0.9592913175270055}
{"fold": 1, "val_accuracy": 0.9992248062015504, "val_auc": 1.0, "val_f1": 0.98989898989899, "avg_sensitivity": 0.99, "avg_specificity": 0.99, "class_Few_sensitivity": 1.0, "class_Many_sensitivity": 0.98, "class_Few_specificity": 0.98, "class_Many_specificity": 1.0, "class_Few_f1": 0.98989898989899, "class_Many_f1": 0.98989898989899}
