{"val_accuracy": 0.9981392943270728, "val_auc": 0.9968992704426404, "val_f1": 0.976194041973225, "avg_sensitivity": 0.9839124531168398, "avg_specificity": 0.9839124531168398, "class_Few_sensitivity": 0.9993543179983858, "class_Many_sensitivity": 0.9684705882352942, "class_Few_specificity": 0.9684705882352942, "class_Many_specificity": 0.9993543179983858, "class_Few_f1": 0.9836081192790902, "class_Many_f1": 0.9836081192790902}
