{"fold": 4, "val_accuracy": 0.9976744186046511, "val_auc": 0.9891674183797814, "val_f1": 0.9702970297029703, "avg_sensitivity": 0.9799886056117362, "avg_specificity": 0.9799886056117362, "class_Few_sensitivity": 0.9991928974979822, "class_Many_sensitivity": 0.9607843137254902, "class_Few_specificity": 0.9607843137254902, "class_Many_specificity": 0.9991928974979822, "class_Few_f1": 0.9796122697801356, "class_Many_f1": 0.9796122697801356}
