{"val_accuracy": 0.9676763886333166, "val_auc": 0.9917662046323679, "val_f1": 0.9677607519776095, "avg_sensitivity": 0.9649494714509771, "avg_specificity": 0.9778768048364535, "class_Few_sensitivity": 0.9707944974841707, "class_Many_sensitivity": 0.9647058823529411, "class_None_sensitivity": 0.9593480345158198, "class_Few_specificity": 0.9615077544647528, "class_Many_specificity": 0.9974016908291728, "class_None_specificity": 0.9747209692154349, "class_Few_f1": 0.9655800674883916, "class_Many_f1": 0.9793436655407886, "class_None_f1": 0.966466599938471, "auc_normal_vs_abnormal": 0.9922820473684327, "auc_few_vs_many": 0.9937145800439516}
