{"fold": 2, "val_accuracy": 0.9782234957020057, "val_auc": 0.9986423915735593, "val_f1": 0.9783972401699138, "avg_sensitivity": 0.9874502684145154, "avg_specificity": 0.9883588007671399, "class_Few_sensitivity": 0.9735364875701684, "class_Many_sensitivity": 1.0, "class_None_sensitivity": 0.9888143176733781, "class_Few_specificity": 0.9899598393574297, "class_Many_specificity": 0.9982290436835891, "class_None_specificity": 0.9768875192604006, "class_Few_f1": 0.981679478210807, "class_Many_f1": 0.9991137370753324, "class_None_f1": 0.9828147358379394, "auc_normal_vs_abnormal": 0.99871252624068, "auc_few_vs_many": 0.9999371039514443}
