{"fold": 1, "val_accuracy": 0.9805157593123209, "val_auc": 0.9981881258560373, "val_f1": 0.9806749571747311, "avg_sensitivity": 0.9885195012399631, "avg_specificity": 0.9895661193858606, "class_Few_sensitivity": 0.9767441860465116, "class_Many_sensitivity": 1.0, "class_None_sensitivity": 0.9888143176733781, "class_Few_specificity": 0.9899598393574297, "class_Many_specificity": 0.9964580873671782, "class_None_specificity": 0.9822804314329738, "class_Few_f1": 0.9833076101151609, "class_Many_f1": 0.9982259018332348, "class_None_f1": 0.9855365451221144, "auc_normal_vs_abnormal": 0.9985574089202801, "auc_few_vs_many": 0.9994811075994151}
